time,input2,output2,input1,output1
0.0,-1.0,-0.10106487051958449,0.0,0.29796296705687075
0.02,-1.0,-0.398643727838123,0.0,0.39858231182407333
0.04,-1.0,-0.5651594572488089,0.0,0.47414889658393217
0.06,-1.0,-0.6550352879170867,0.0,0.5313485342522823
0.08,-1.0,-0.70660761598878,0.0,0.5736387693273508
0.1,-1.0,-0.7347985868071809,0.0,0.6038613649353309
0.12,-1.0,-0.7495064380933407,0.0,0.630442121377449
0.14,-1.0,-0.7574988236107216,0.0,0.6490911809223047
0.16,-1.0,-0.7625871766195778,0.0,0.6590876330505101
0.18,-1.0,-0.7651338846499526,0.0,0.6691909822364096
0.2,-1.0,-0.7657585214392307,1.0,0.6762753320966202
0.22,-1.0,-0.6462649115072144,1.0,0.9320053384320007
0.24,-1.0,-0.5789422602748268,1.0,1.1280773429720998
0.26,-1.0,-0.5446721206108321,1.0,1.2690762821471793
0.28,-1.0,-0.5243372119303059,1.0,1.3796427695732811
0.3,-1.0,-0.5126817785876451,1.0,1.4582804946585541
0.32,-1.0,-0.5080759401941386,1.0,1.518925484319258
0.34,-1.0,-0.5022701309858925,1.0,1.5623589386416403
0.36,-1.0,-0.5023931857507433,1.0,1.598842442929973
0.38,-1.0,-0.5011588354929998,1.0,1.6201499447779912
0.4,0.0,-0.5002070477097705,-1.0,1.6423524529860833
0.42,0.0,-0.44178114834744175,-1.0,1.0578338506510514
0.44,0.0,-0.40732532194227106,-1.0,0.6188740982036558
0.46,0.0,-0.3891514145981255,-1.0,0.28610592682271174
0.48,0.0,-0.37821923253589484,-1.0,0.0432264151724228
0.5,0.0,-0.37297961993073475,-1.0,-0.14371537033432513
0.52,0.0,-0.36914069222034096,-1.0,-0.28515403318424176
0.54,0.0,-0.36877944409381014,-1.0,-0.3867081773329672
0.56,0.0,-0.3689541238900053,-1.0,-0.46559755021043164
0.58,0.0,-0.36754660976515413,-1.0,-0.5247310953249954
0.6,-1.0,-0.3683155750687435,0.0,-0.5670942924642396
0.62,-1.0,-0.5474452060945685,0.0,-0.25008149624996007
0.64,-1.0,-0.6456569329978178,0.0,-0.013903804486815287
0.66,-1.0,-0.700581683987551,0.0,0.16531202776798135
0.68,-1.0,-0.730222767556209,0.0,0.299545692868316
0.7000000000000001,-1.0,-0.7465982441750008,0.0,0.39794787508372
0.72,-1.0,-0.7549453886486728,0.0,0.4742452790026011
0.74,-1.0,-0.7605367778339055,0.0,0.5305851912196823
0.76,-1.0,-0.7631976358595056,0.0,0.5737875153341991
0.78,-1.0,-0.7649917762448226,0.0,0.6034281728824739
0.8,-1.0,-0.7669565228532992,0.0,0.6298108088057304
0.8200000000000001,-1.0,-0.7681910021170653,0.0,0.6459744118924324
0.84,-1.0,-0.7658755872676435,0.0,0.6603644210108178
0.86,-1.0,-0.7660888959900238,0.0,0.6675510419374773
0.88,-1.0,-0.7657804764709933,0.0,0.6772345860848431
0.9,-1.0,-0.7674348717858686,0.0,0.6839234663915614
0.92,-1.0,-0.767701216275036,0.0,0.6859896346541701
0.9400000000000001,-1.0,-0.7652584956459543,0.0,0.6901909743034973
0.96,-1.0,-0.7669456566313283,0.0,0.693614863953748
0.98,-1.0,-0.7671935444199169,0.0,0.6966669433900562
1.0,0.0,-0.7668738008010294,0.0,0.6962176769021915
1.02,0.0,-0.4681292978329688,0.0,0.5973575428277978
1.04,0.0,-0.301938845780474,0.0,0.5196518479635203
1.06,0.0,-0.2109833130879612,0.0,0.4666981138281068
1.08,0.0,-0.16129094418942025,0.0,0.42571156371388347
1.1,0.0,-0.13166031577442855,0.0,0.3931078953002998
1.12,0.0,-0.11835647034309718,0.0,0.3705484396512424
1.1400000000000001,0.0,-0.10935346865937914,0.0,0.35367033651290364
1.16,0.0,-0.10465110655552227,0.0,0.3409253473375249
1.18,0.0,-0.10267480228520053,0.0,0.32975882950145563
1.2,-1.0,-0.10228163035693191,-1.0,0.32210300107192985
1.22,-1.0,-0.5211161661153506,-1.0,0.16690894561196365
1.24,-1.0,-0.7532147259448881,-1.0,0.051298408971864544
1.26,-1.0,-0.8796797936236965,-1.0,-0.038656511382924225
1.28,-1.0,-0.9459743371382413,-1.0,-0.10408732035133753
1.3,-1.0,-0.9855877602739247,-1.0,-0.1520873684801499
1.32,-1.0,-1.0076184886072057,-1.0,-0.19143102497389394
1.34,-1.0,-1.0192504439178554,-1.0,-0.21512394697348367
1.36,-1.0,-1.0259465823406264,-1.0,-0.2387497944806714
1.3800000000000001,-1.0,-1.0281907988199426,-1.0,-0.25181187751926787
1.4000000000000001,0.0,-1.0312445421786838,1.0,-0.26616576814204984
1.42,0.0,-0.4897538402339178,1.0,0.12652013840827145
1.44,0.0,-0.19673119292114502,1.0,0.41887161150200874
1.46,0.0,-0.03235239069181612,1.0,0.639386064957967
1.48,0.0,0.05726298634559734,1.0,0.8073699645258087
1.5,0.0,0.10571921478175361,1.0,0.9277322978230287
1.52,0.0,0.13363281849951864,1.0,1.0213294692253632
1.54,0.0,0.14692648125598554,1.0,1.0924577641650657
1.56,0.0,0.1559499872139872,1.0,1.1426653649770058
1.58,0.0,0.1619604659394326,1.0,1.1841874035416986
1.6,0.0,0.16524874738624828,1.0,1.2109581367287887
1.62,0.0,0.1645140127106391,1.0,1.2327153169931302
1.6400000000000001,0.0,0.1634893046929386,1.0,1.2521850526333944
1.6600000000000001,0.0,0.1667932900363811,1.0,1.26363025107618
1.68,0.0,0.16606148370413454,1.0,1.2719271641689371
1.7,0.0,0.16688130884772828,1.0,1.278731169789658
1.72,0.0,0.16693739354543063,1.0,1.2848778760460977
1.74,0.0,0.16816166304182337,1.0,1.288296122811151
1.76,0.0,0.16932387008309346,1.0,1.2912702608299773
1.78,0.0,0.1665118403243898,1.0,1.2958872059796933
1.8,1.0,0.16642472761335422,-1.0,1.2951588630272202
1.82,1.0,0.22620453484644096,-1.0,0.6964908415400898
1.84,1.0,0.25905744074669596,-1.0,0.24762321711411628
1.86,1.0,0.2784009569575581,-1.0,-0.09134843697245865
1.8800000000000001,1.0,0.2886726059379751,-1.0,-0.34315723912966684
1.9000000000000001,1.0,0.2949459791610113,-1.0,-0.5305947255251009
1.92,1.0,0.29478975142133546,-1.0,-0.6740933127897366
1.94,1.0,0.29956278494317645,-1.0,-0.7787047029232015
1.96,1.0,0.29983079159314885,-1.0,-0.8585425052008987
1.98,1.0,0.30071207062538985,-1.0,-0.9176970912011667
2.0,-1.0,0.29781915333341613,1.0,-0.9643787946505213
2.02,-1.0,-0.06035317969370368,1.0,-0.2985800713108152
2.04,-1.0,-0.25749577384198935,1.0,0.19927265962091825
2.06,-1.0,-0.367176517933654,1.0,0.5734701841418325
2.08,-1.0,-0.4272794443092644,1.0,0.8578323782731625
2.1,-1.0,-0.4607616484164124,1.0,1.0655974176434329
2.12,-1.0,-0.47675926262898033,1.0,1.2243808763635742
2.14,-1.0,-0.4891447867416166,1.0,1.3430342471565575
2.16,-1.0,-0.49381721135786716,1.0,1.4330741025018023
2.18,-1.0,-0.4964269033271698,1.0,1.502143700467554
2.2,0.0,-0.4989018522238298,-1.0,1.551042455118788
2.22,0.0,-0.4391344469176271,-1.0,0.9875003783672676
2.24,0.0,-0.40718552764714727,-1.0,0.5631576317087611
2.2600000000000002,0.0,-0.38778988168757006,-1.0,0.25001872098087957
2.2800000000000002,0.0,-0.37963144825870143,-1.0,0.012205126368854468
2.3000000000000003,0.0,-0.37176921535129387,-1.0,-0.16456354183864444
2.32,0.0,-0.3692048710020783,-1.0,-0.2981794268450623
2.34,0.0,-0.36812116714280874,-1.0,-0.3999377236636457
2.36,0.0,-0.3664927995087738,-1.0,-0.47395646903267097
2.38,0.0,-0.36550789156006697,-1.0,-0.5309470288735239
2.4,1.0,-0.36461187457752653,-1.0,-0.5728162558848684
2.42,1.0,-0.0680766956707421,-1.0,-0.7040881238888566
2.44,1.0,0.09813654927101081,-1.0,-0.8049681156534211
2.46,1.0,0.1887914198245059,-1.0,-0.8754624497007669
2.48,1.0,0.23750118867203615,-1.0,-0.9323733636198085
2.5,1.0,0.26770731451215646,-1.0,-0.9740918436108287
2.52,1.0,0.2818310146076855,-1.0,-1.006495400434843
2.54,1.0,0.29040121016296117,-1.0,-1.0302586054730447
2.56,1.0,0.2933146539275803,-1.0,-1.049068187349673
2.58,1.0,0.29701563291519006,-1.0,-1.061387333177521
2.6,0.0,0.2971888092758646,-1.0,-1.070559387524761
2.62,0.0,-0.0017553117046468947,-1.0,-0.9772774818705183
2.64,0.0,-0.16463071619804198,-1.0,-0.9078537728422348
2.66,0.0,-0.25726991763217427,-1.0,-0.8563465331344206
2.68,0.0,-0.30712013954601974,-1.0,-0.8171244202133375
2.7,0.0,-0.332723571349419,-1.0,-0.7876075954532284
2.72,0.0,-0.3485502154726982,-1.0,-0.765631272538148
2.74,0.0,-0.35631264973767907,-1.0,-0.749199944236503
2.7600000000000002,0.0,-0.3610951374685491,-1.0,-0.7373817391935691
2.7800000000000002,0.0,-0.3635234049872774,-1.0,-0.7283089560993014
2.8000000000000003,-1.0,-0.3654352036914185,-1.0,-0.7206057497070509
2.82,-1.0,-0.6647262375106906,-1.0,-0.6128423245020945
2.84,-1.0,-0.8314229659138925,-1.0,-0.5367587878345528
2.86,-1.0,-0.9218629538873515,-1.0,-0.4783396541719346
2.88,-1.0,-0.9730120187377455,-1.0,-0.43247636347783963
2.9,-1.0,-0.9981707760946807,-1.0,-0.3991702196564094
2.92,-1.0,-1.014635655776574,-1.0,-0.37308748528622726
2.94,-1.0,-1.0217665622716934,-1.0,-0.3548953574982587
2.96,-1.0,-1.0259249551886864,-1.0,-0.3398231124354371
2.98,-1.0,-1.0302869184651526,-1.0,-0.3312962865559679
3.0,0.0,-1.0308809433862038,1.0,-0.32452461405354466
3.02,0.0,-0.49086663789859825,1.0,0.08236325592157229
3.04,0.0,-0.196914352260368,1.0,0.38682991358961316
3.06,0.0,-0.032671011696607306,1.0,0.6144945999535554
3.08,0.0,0.05635732356749699,1.0,0.7874341175559072
3.1,0.0,0.10441418295913193,1.0,0.9128641064534724
3.12,0.0,0.13259125364992894,1.0,1.0108964160262797
3.14,0.0,0.14777980833200935,1.0,1.082478715248347
3.16,0.0,0.15651719307475614,1.0,1.1387176725858998
3.18,0.0,0.16124637345700185,1.0,1.1785788747347712
3.2,-1.0,0.16268312601293547,1.0,1.209668291185407
3.22,-1.0,-0.13400435892356477,1.0,1.33084304020418
3.24,-1.0,-0.2977620838912264,1.0,1.422659175080725
3.2600000000000002,-1.0,-0.38993933298035266,1.0,1.4929595361602295
3.2800000000000002,-1.0,-0.4397892242003289,1.0,1.5433202023870698
3.3000000000000003,-1.0,-0.46705910725629685,1.0,1.584333140541433
3.3200000000000003,-1.0,-0.48084875277666883,1.0,1.6128832446563617
3.34,-1.0,-0.4897884565246741,1.0,1.6356794018022234
3.36,-1.0,-0.49334293572688465,1.0,1.6519417660245488
3.38,-1.0,-0.4945202207170846,1.0,1.663909325244631
3.4,0.0,-0.4976056179655792,-1.0,1.6719174926561624
3.42,0.0,-0.43921595940842595,-1.0,1.0796328815957987
3.44,0.0,-0.40826058855855507,-1.0,0.6346292450738995
3.46,0.0,-0.3899844257099416,-1.0,0.30078909374486174
3.48,0.0,-0.3786070491030877,-1.0,0.05065278204007628
3.5,0.0,-0.3710495251069651,-1.0,-0.13609400276459538
3.52,0.0,-0.369172356020208,-1.0,-0.27814671946385255
3.54,0.0,-0.37003175079908324,-1.0,-0.38281817284033864
3.56,0.0,-0.3675595463803642,-1.0,-0.4619054409086097
3.58,0.0,-0.3671234695870721,-1.0,-0.5207888755226686
3.6,1.0,-0.36695147484894963,0.0,-0.5667343134826758
3.62,1.0,0.05202244548991637,0.0,-0.44904632061675637
3.64,1.0,0.2830929685050005,0.0,-0.3617726457039814
3.66,1.0,0.41207550159200546,0.0,-0.2957700901010808
3.68,1.0,0.4811655821258346,0.0,-0.24823950715362436
3.7,1.0,0.5200440826509669,0.0,-0.2095373101641029
3.72,1.0,0.5399970019821005,0.0,-0.18377635810750753
3.74,1.0,0.551055953842047,0.0,-0.1621705964388047
3.7600000000000002,1.0,0.5596408347240094,0.0,-0.14725558393788032
3.7800000000000002,1.0,0.5620124605557832,0.0,-0.13651860842051322
3.8000000000000003,-1.0,0.5642389646512539,0.0,-0.12672487525500584
3.8200000000000003,-1.0,-0.0328482904669059,0.0,0.08000286568224682
3.84,-1.0,-0.3647491383617264,0.0,0.2366944100718288
3.86,-1.0,-0.5438323012832016,0.0,0.3514346776833134
3.88,-1.0,-0.6444837363429172,0.0,0.4375193734570451
3.9,-1.0,-0.6982696601656119,0.0,0.5053423148625624
3.92,-1.0,-0.7310118075823939,0.0,0.5529798999491966
3.94,-1.0,-0.7464330918613653,0.0,0.5899022750705062
3.96,-1.0,-0.7550051024613379,0.0,0.6177015055310371
3.98,-1.0,-0.76126819183529,0.0,0.6375703373698304
4.0,1.0,-0.7639856937110521,0.0,0.6506919146811228
4.0200000000000005,1.0,-0.16389268029573692,0.0,0.46549827618182166
4.04,1.0,0.1645217034893368,0.0,0.3244043906155735
4.0600000000000005,1.0,0.34544381448921097,0.0,0.21762607178866547
4.08,1.0,0.4448600425424585,0.0,0.13811981424522146
4.1,1.0,0.4992051599614513,0.0,0.07801055474693963
4.12,1.0,0.5309418857604352,0.0,0.03397045953298683
4.14,1.0,0.5483562301680053,0.0,9.723102771070057e-05
4.16,1.0,0.5550110822121503,0.0,-0.024895525699903248
4.18,1.0,0.560738809047588,0.0,-0.042837757664464356
4.2,0.0,0.5632730051627226,-1.0,-0.056917228372439725
4.22,0.0,0.14508114895803664,-1.0,-0.21894347571296102
4.24,0.0,-0.08526523970666623,-1.0,-0.3405374954796278
4.26,0.0,-0.2119580884008094,-1.0,-0.427732555521201
4.28,0.0,-0.28075191441479797,-1.0,-0.49608038019250755
4.3,0.0,-0.31944501975229617,-1.0,-0.5456255543078258
4.32,0.0,-0.34201623752493854,-1.0,-0.5862006830353372
4.34,0.0,-0.3514629413503895,-1.0,-0.6133226508415408
4.36,0.0,-0.3595484321877467,-1.0,-0.6345400184126532
4.38,0.0,-0.3626669125129532,-1.0,-0.6510226930891729
4.4,-1.0,-0.36526227585727394,0.0,-0.6635535642308517
4.42,-1.0,-0.543786803536395,0.0,-0.32314201677422805
4.44,-1.0,-0.6449223366284491,0.0,-0.06735891040003755
4.46,-1.0,-0.6995178770127913,0.0,0.12653166636578703
4.48,-1.0,-0.728180669040894,0.0,0.26762324487536554
4.5,-1.0,-0.7463421084375582,0.0,0.37517629954801696
4.5200000000000005,-1.0,-0.756504839501762,0.0,0.45733644980635946
4.54,-1.0,-0.7616292087225477,0.0,0.5174621616912513
4.5600000000000005,-1.0,-0.7639629187873737,0.0,0.5633610758292577
4.58,-1.0,-0.7650644539222734,0.0,0.5988660771647673
4.6000000000000005,-1.0,-0.7651152595251625,1.0,0.6222742288470061
4.62,-1.0,-0.6454310036130089,1.0,0.8917159021239583
4.64,-1.0,-0.5813147424690867,1.0,1.0923483469939168
4.66,-1.0,-0.5444238345419498,1.0,1.246812441301739
4.68,-1.0,-0.5234666062288993,1.0,1.3606668691942236
4.7,-1.0,-0.5126060834022274,1.0,1.4446543487307542
4.72,-1.0,-0.5056373042419592,1.0,1.5083649568222826
4.74,-1.0,-0.5030463050480147,1.0,1.554608726673715
4.76,-1.0,-0.5033332870556025,1.0,1.5917613220971893
4.78,-1.0,-0.5009897256510507,1.0,1.6187236790151205
4.8,1.0,-0.5019912956390815,1.0,1.6389111681977322
4.82,1.0,0.10001495408459704,1.0,1.4545041254911024
4.84,1.0,0.42969551679741824,1.0,1.3166846700442345
4.86,1.0,0.6109453825058504,1.0,1.2131174818696866
4.88,1.0,0.7103148027549627,1.0,1.1335692320782305
4.9,1.0,0.7654847239747826,1.0,1.0755709802050037
4.92,1.0,0.7963492149500958,1.0,1.0314706470545083
4.94,1.0,0.8133164491364234,1.0,0.9959182693593941
4.96,1.0,0.8229590698296582,1.0,0.973129596065959
4.98,1.0,0.8270895659663083,1.0,0.9546966387364927
5.0,-1.0,0.8298137108417024,1.0,0.9419176862785699
5.0200000000000005,-1.0,0.23082383755037822,1.0,1.1312231958572616
5.04,-1.0,-0.09576148261964808,1.0,1.2734165689256203
5.0600000000000005,-1.0,-0.2784508189497507,1.0,1.3804995087337424
5.08,-1.0,-0.37734699878563244,1.0,1.4608796941976285
5.1000000000000005,-1.0,-0.43294948009024475,1.0,1.520191842179452
5.12,-1.0,-0.46197132617242276,1.0,1.5643628634026256
5.14,-1.0,-0.4787840466688672,1.0,1.5993126164508282
5.16,-1.0,-0.49036193357881724,1.0,1.623364988791469
5.18,-1.0,-0.4932400006107256,1.0,1.6428032563838901
5.2,0.0,-0.49796754130490717,-1.0,1.6563969551520479
5.22,0.0,-0.44052937816946053,-1.0,1.0672192393601732
5.24,0.0,-0.40619491258051105,-1.0,0.6245841570925319
5.26,0.0,-0.38807015563491265,-1.0,0.2925031398976097
5.28,0.0,-0.3784736120453304,-1.0,0.04555886262921749
5.3,0.0,-0.3729758743712969,-1.0,-0.13932324902699786
5.32,0.0,-0.37034092073029096,-1.0,-0.2785766773431584
5.34,0.0,-0.3697878596698461,-1.0,-0.3854267732500505
5.36,0.0,-0.36752872155937616,-1.0,-0.4623280813222227
5.38,0.0,-0.368181009808608,-1.0,-0.5240691468968217
5.4,1.0,-0.367416192692801,0.0,-0.5673688190435702
5.42,1.0,0.05416317017163563,0.0,-0.45089703184989083
5.44,1.0,0.2854214811554933,0.0,-0.3626552691792027
5.46,1.0,0.41266797593253496,0.0,-0.296300838667045
5.48,1.0,0.4797268971915801,0.0,-0.24900442335556003
5.5,1.0,0.517877717681744,0.0,-0.21096733880807889
5.5200000000000005,1.0,0.5405295805683712,0.0,-0.18174014377703085
5.54,1.0,0.5507881150186115,0.0,-0.16177152218161855
5.5600000000000005,1.0,0.559008650088044,0.0,-0.145607625887925
5.58,1.0,0.5630937420846637,0.0,-0.13555145150939257
5.6000000000000005,-1.0,0.564890948517175,0.0,-0.1273492302952482
5.62,-1.0,-0.0340061001665391,0.0,0.08110048421093943
5.64,-1.0,-0.36314512516644365,0.0,0.2351927464333675
5.66,-1.0,-0.5465238842114855,0.0,0.34989721846831545
5.68,-1.0,-0.6453756951753882,0.0,0.43839508093011204
5.7,-1.0,-0.7017961006594353,0.0,0.5037352148921995
5.72,-1.0,-0.7301547347598085,0.0,0.552766664350678
5.74,-1.0,-0.7452153202300293,0.0,0.5898878552169374
5.76,-1.0,-0.7562659011966054,0.0,0.6191967370761237
5.78,-1.0,-0.762387193262242,0.0,0.637367316995423
5.8,1.0,-0.7639636001292208,1.0,0.6515040088477335
5.82,1.0,-0.04665275084311898,1.0,0.7154016418167308
5.84,1.0,0.35024055648772645,1.0,0.7610967472019421
5.86,1.0,0.5683482677977286,1.0,0.7946740716298442
5.88,1.0,0.6858743582613052,1.0,0.8209583205426788
5.9,1.0,0.753305465131958,1.0,0.8402453892173557
5.92,1.0,0.7887461266209436,1.0,0.8544854826488727
5.94,1.0,0.809048256545058,1.0,0.867787844935315
5.96,1.0,0.8198068197813281,1.0,0.8755400405367164
5.98,1.0,0.8262164513817124,1.0,0.8826984864397959
6.0,-1.0,0.8295953469194404,-1.0,0.8868928983669511
6.0200000000000005,-1.0,-0.007676676367034915,-1.0,0.5898661333925656
6.04,-1.0,-0.46900653485500365,-1.0,0.3658210898687119
6.0600000000000005,-1.0,-0.7235055854803883,-1.0,0.20274698487296625
6.08,-1.0,-0.8617822707052002,-1.0,0.07461088527159412
6.1000000000000005,-1.0,-0.9384328918143121,-1.0,-0.016865264596518284
6.12,-1.0,-0.9800911847271345,-1.0,-0.08875065103672343
6.140000000000001,-1.0,-1.0053428133639835,-1.0,-0.1411975258533031
6.16,-1.0,-1.0176405533391508,-1.0,-0.18115385966795775
6.18,-1.0,-1.0236253304279257,-1.0,-0.2102165030586692
6.2,-1.0,-1.0281686813678146,1.0,-0.2335083723854213
6.22,-1.0,-0.7898739796611449,1.0,0.2508043067231806
6.24,-1.0,-0.6578559068868707,1.0,0.6123364037352701
6.26,-1.0,-0.5875423097234972,1.0,0.88589303060795
6.28,-1.0,-0.5496612853587047,1.0,1.0870708412638495
6.3,-1.0,-0.5255892579558079,1.0,1.2402300645944633
6.32,-1.0,-0.5157884588101365,1.0,1.3564382803484354
6.34,-1.0,-0.5073136040818054,1.0,1.440810932156157
6.36,-1.0,-0.5044202700110021,1.0,1.5059536413940653
6.38,-1.0,-0.502940754597421,1.0,1.5557567621787807
6.4,-1.0,-0.5030499635604143,-1.0,1.5925133099972226
6.42,-1.0,-0.738864795216056,-1.0,1.11743939638766
6.44,-1.0,-0.8729997248012334,-1.0,0.7637261892633899
6.46,-1.0,-0.9442693398961761,-1.0,0.4991570005016258
6.48,-1.0,-0.9856416825546317,-1.0,0.297228750886753
6.5,-1.0,-1.0040386488543103,-1.0,0.148180027229352
6.5200000000000005,-1.0,-1.0174974663228782,-1.0,0.036338958589295256
6.54,-1.0,-1.0268692595763091,-1.0,-0.04640600977977064
6.5600000000000005,-1.0,-1.0264392984699469,-1.0,-0.11162610107427032
6.58,-1.0,-1.0300520911434743,-1.0,-0.15768493550613857
6.6000000000000005,-1.0,-1.033479000077028,-1.0,-0.1913714753018261
6.62,-1.0,-1.0320489737447613,-1.0,-0.2190014583594914
6.640000000000001,-1.0,-1.0320584831025816,-1.0,-0.24090791820007576
6.66,-1.0,-1.0330830087551033,-1.0,-0.2561771608509222
6.68,-1.0,-1.0325718387402871,-1.0,-0.2661857218840445
6.7,-1.0,-1.0330201025618457,-1.0,-0.2762738116997854
6.72,-1.0,-1.033746114704535,-1.0,-0.2814616209446749
6.74,-1.0,-1.0323572639809082,-1.0,-0.2870243330205527
6.76,-1.0,-1.0334177165428737,-1.0,-0.2896491131339241
6.78,-1.0,-1.0329959874123809,-1.0,-0.29267570481979815
6.8,1.0,-1.0336840054395433,1.0,-0.2926715492354557
6.82,1.0,-0.19235292985864272,1.0,0.005249478154755066
6.84,1.0,0.26896917121284136,1.0,0.22908216452567373
6.86,1.0,0.5251185216029072,1.0,0.3958611601227913
6.88,1.0,0.6609806553357098,1.0,0.5234552625836393
6.9,1.0,0.7405973030020506,1.0,0.6178817873257066
6.92,1.0,0.7827773280266943,1.0,0.6884937673864551
6.94,1.0,0.8062436955970368,1.0,0.7408295936222621
6.96,1.0,0.8173735669673787,1.0,0.7805994414103767
6.98,1.0,0.8256469440259535,1.0,0.8104737297602617
7.0,0.0,0.8273376270121087,0.0,0.8333755847136876
7.0200000000000005,0.0,0.40982444890895636,0.0,0.6990100773474874
7.04,0.0,0.1817060942722957,0.0,0.5987986001749219
7.0600000000000005,0.0,0.05618109120624407,0.0,0.52539995081087
7.08,0.0,-0.014986417622804848,0.0,0.4680678622013545
7.1000000000000005,0.0,-0.05470027940663995,0.0,0.4251518519943231
7.12,0.0,-0.07647273436748901,0.0,0.39436804529136255
7.140000000000001,0.0,-0.08495204266792541,0.0,0.3728121847070881
7.16,0.0,-0.09192997268607858,0.0,0.3541207897010932
7.18,0.0,-0.0945510367027563,0.0,0.34015952268332816
7.2,-1.0,-0.09660295003429548,1.0,0.32984332618314194
7.22,-1.0,-0.27800295172599027,1.0,0.6711755516074283
7.24,-1.0,-0.3774316271346962,1.0,0.9298578215615119
7.26,-1.0,-0.43278578533210593,1.0,1.1225443350046027
7.28,-1.0,-0.46601811120028847,1.0,1.267279766486559
7.3,-1.0,-0.4791872439163912,1.0,1.3762968469574524
7.32,-1.0,-0.48879709327405646,1.0,1.4561979570412595
7.34,-1.0,-0.4933396808147125,1.0,1.517337346132545
7.36,-1.0,-0.4971395149451269,1.0,1.5639429852338864
7.38,-1.0,-0.49925752475109686,1.0,1.5967043049462109
7.4,-1.0,-0.4980192170333065,1.0,1.6226311648210208
7.42,-1.0,-0.5000195633198308,1.0,1.6419044933610238
7.44,-1.0,-0.4994111559585379,1.0,1.6587474939041718
7.46,-1.0,-0.502647907577406,1.0,1.6665364938586713
7.48,-1.0,-0.5008905923260238,1.0,1.6749518369245358
7.5,-1.0,-0.4991393558627807,1.0,1.6813182660804067
7.5200000000000005,-1.0,-0.49925915075967114,1.0,1.6864335623696558
7.54,-1.0,-0.4990901633917778,1.0,1.688706684694046
7.5600000000000005,-1.0,-0.49980372386828475,1.0,1.6911000388986053
7.58,-1.0,-0.4993938381565255,1.0,1.6928277623183783
7.6000000000000005,1.0,-0.49945468863413606,0.0,1.6967731379549025
7.62,1.0,-0.018605336119559283,0.0,1.2457241303590862
7.640000000000001,1.0,0.24408077706202516,0.0,0.9133067872930452
7.66,1.0,0.3890372522948543,0.0,0.6576052046777128
7.68,1.0,0.46809096266267886,0.0,0.4685039427477829
7.7,1.0,0.5139816723576106,0.0,0.32325565925072625
7.72,1.0,0.5394240870370504,0.0,0.2202354476869125
7.74,1.0,0.550239690742746,0.0,0.13975053719040273
7.76,1.0,0.556701009655769,0.0,0.0810933074037197
7.78,1.0,0.5612080852799595,0.0,0.036587922462147156
7.8,0.0,0.5636552947374607,0.0,0.001399984048519677
7.82,0.0,0.2656100849686663,0.0,0.0761456779016352
7.84,0.0,0.1021043858128039,0.0,0.131576101899063
7.86,0.0,0.009406755147366197,0.0,0.17308473771679536
7.88,0.0,-0.038029202127314296,0.0,0.20650546486721427
7.9,0.0,-0.06713255301152303,0.0,0.2281131853227543
7.92,0.0,-0.08190642481430717,0.0,0.24712681353443874
7.94,0.0,-0.09034849543557522,0.0,0.25992617702688603
7.96,0.0,-0.09564180521574886,0.0,0.2719392832784264
7.98,0.0,-0.09741665782779346,0.0,0.2790660698489852
8.0,-1.0,-0.09829321590135129,-1.0,0.28344644626123855
8.02,-1.0,-0.5185267492195873,-1.0,0.1379137609771397
8.040000000000001,-1.0,-0.7504654562507818,-1.0,0.028979565641899484
8.06,-1.0,-0.8773970340444299,-1.0,-0.055462925132342196
8.08,-1.0,-0.9476787081971735,-1.0,-0.1148165379436671
8.1,-1.0,-0.9863258117715481,-1.0,-0.16150351799344853
8.120000000000001,-1.0,-1.0070280349034046,-1.0,-0.19628786416877816
8.14,-1.0,-1.0200721527244994,-1.0,-0.22058481745306524
8.16,-1.0,-1.0268548221213198,-1.0,-0.24189020815177906
8.18,-1.0,-1.0291443436310808,-1.0,-0.2560331985271095
8.2,-1.0,-1.0315305114098345,-1.0,-0.26837792212779965
8.22,-1.0,-1.0344680087409512,-1.0,-0.27503528078376394
8.24,-1.0,-1.034367343754359,-1.0,-0.28235161721688606
8.26,-1.0,-1.0334809359235801,-1.0,-0.28760984382087945
8.28,-1.0,-1.0322224376737188,-1.0,-0.2894449984057682
8.3,-1.0,-1.0336312575928224,-1.0,-0.29182623728498625
8.32,-1.0,-1.0331272696288325,-1.0,-0.2943220412740071
8.34,-1.0,-1.032889855055816,-1.0,-0.29598865185130957
8.36,-1.0,-1.0343294285561087,-1.0,-0.29724518701400016
8.38,-1.0,-1.0334197660937372,-1.0,-0.2982615619364185
8.4,0.0,-1.033118932715025,1.0,-0.2984667766164487
8.42,0.0,-0.49371964863698325,1.0,0.10250911501761602
8.44,0.0,-0.19683109349492034,1.0,0.4002798193404719
8.46,0.0,-0.030967858654014115,1.0,0.6244415112859009
8.48,0.0,0.05606089727222742,1.0,0.7942221291407189
8.5,0.0,0.10843292903323683,1.0,0.9204386009621146
8.52,0.0,0.13236319350528855,1.0,1.0170774338627298
8.540000000000001,0.0,0.14741358951874126,1.0,1.0859617592507267
8.56,0.0,0.15722206679984094,1.0,1.1399932413244593
8.58,0.0,0.16147240060425452,1.0,1.1809689000964168
8.6,0.0,0.16482362870430167,1.0,1.2111974481102294
8.620000000000001,0.0,0.16592530383333862,1.0,1.2333948589095431
8.64,0.0,0.1665530995516356,1.0,1.2484435992029883
8.66,0.0,0.16722306312811594,1.0,1.2600209377019072
8.68,0.0,0.16669045204064856,1.0,1.2726661267156636
8.700000000000001,0.0,0.16578975984861244,1.0,1.2795458473497603
8.72,0.0,0.1674330026848748,1.0,1.2829241056157845
8.74,0.0,0.16608775953263175,1.0,1.2875810304848512
8.76,0.0,0.16604102543757063,1.0,1.2899003445481065
8.78,0.0,0.16713259809993808,1.0,1.2925344690785818
8.8,1.0,0.166104914394139,-1.0,1.2935851221546004
8.82,1.0,0.2254407110247262,-1.0,0.6959991965949595
8.84,1.0,0.25952403838555377,-1.0,0.24711388214356816
8.86,1.0,0.27938456212249924,-1.0,-0.08907168604358812
8.88,1.0,0.2863833548976571,-1.0,-0.34170011367047926
8.9,1.0,0.2928080157622674,-1.0,-0.5310771538315234
8.92,1.0,0.29790567904144927,-1.0,-0.6751719705308995
8.94,1.0,0.29774936294025245,-1.0,-0.7793232097152986
8.96,1.0,0.2990526507070555,-1.0,-0.860685176372958
8.98,1.0,0.29959314478703064,-1.0,-0.919874574035996
9.0,0.0,0.29951410410669294,1.0,-0.9645372549848897
9.02,0.0,0.2380823765922975,1.0,-0.39926829897144184
9.040000000000001,0.0,0.2064520025797546,1.0,0.026461921697800057
9.06,0.0,0.188245341867924,1.0,0.3444865864969629
9.08,0.0,0.17910229836869293,1.0,0.5832490717549033
9.1,0.0,0.17287101178047823,1.0,0.7618142570775351
9.120000000000001,0.0,0.17065691229647909,1.0,0.898119797199502
9.14,0.0,0.16795317955967906,1.0,0.997326838568851
9.16,0.0,0.16783358660559822,1.0,1.0728200878637772
9.18,0.0,0.16758714198528024,1.0,1.1312102623925862
9.200000000000001,0.0,0.1676951088399869,1.0,1.1714816026160615
9.22,0.0,0.16631097764503752,1.0,1.2039773748588234
9.24,0.0,0.1660613245772848,1.0,1.2282533425815998
9.26,0.0,0.16612814264144019,1.0,1.2453095549144717
9.28,0.0,0.16892661854892707,1.0,1.2601054477460107
9.3,0.0,0.16561744735137524,1.0,1.2709725559621177
9.32,0.0,0.16555989924189607,1.0,1.277184699399669
9.34,0.0,0.1665412617729832,1.0,1.2833324296025397
9.36,0.0,0.16342218465120656,1.0,1.2874643225928437
9.38,0.0,0.16469762024575413,1.0,1.29049551218487
9.4,1.0,0.16643855679563185,-1.0,1.2929811236854212
9.42,1.0,0.22719468043735327,-1.0,0.693643659698694
9.44,1.0,0.26086458362463066,-1.0,0.2460884449830064
9.46,1.0,0.2773520294862977,-1.0,-0.08983223936176367
9.48,1.0,0.2879862534580518,-1.0,-0.34310569720496226
9.5,1.0,0.29439652578571507,-1.0,-0.5335646793525642
9.52,1.0,0.2947530140149627,-1.0,-0.6738764712043732
9.540000000000001,1.0,0.2985715730113616,-1.0,-0.7807558656568545
9.56,1.0,0.29945058281582987,-1.0,-0.8599973483026766
9.58,1.0,0.3003137014582356,-1.0,-0.9206172388464967
9.6,-1.0,0.29930977936962366,1.0,-0.966843178187109
9.620000000000001,-1.0,-0.05988311367024989,1.0,-0.29722146617017875
9.64,-1.0,-0.258832615290933,1.0,0.20012321035268757
9.66,-1.0,-0.36819704098939404,1.0,0.5743593252151911
9.68,-1.0,-0.4264807773694083,1.0,0.8557141623518116
9.700000000000001,-1.0,-0.45944151250727283,1.0,1.0665954796943902
9.72,-1.0,-0.47808923813188836,1.0,1.2275418924144748
9.74,-1.0,-0.48900792120758646,1.0,1.345773167030331
9.76,-1.0,-0.49209388680585836,1.0,1.431714238029769
9.78,-1.0,-0.49677843214927253,1.0,1.500216974809964
9.8,0.0,-0.4982153336102385,0.0,1.5496427053847075
9.82,0.0,-0.31860218674784224,0.0,1.2392060868843806
9.84,0.0,-0.2224641831909489,0.0,1.0035001719701366
9.86,0.0,-0.16527777637473398,0.0,0.8288329767535573
9.88,0.0,-0.1365294171901604,0.0,0.6962523754558062
9.9,0.0,-0.11952270270743386,0.0,0.5973735789166748
9.92,0.0,-0.10938408897886448,0.0,0.523779520969224
9.94,0.0,-0.10469218015692656,0.0,0.4675430530410913
9.96,0.0,-0.10277375084142915,0.0,0.42524772608534833
9.98,0.0,-0.10074481626492252,0.0,0.3929974859312066
10.0,0.0,-0.10156715332230765,1.0,0.3685994836124132
10.02,0.0,0.019140016702969356,1.0,0.6044061285964499
10.040000000000001,0.0,0.08653286274360072,1.0,0.7772332369585068
10.06,0.0,0.12138042537229182,1.0,0.9078080220314639
10.08,0.0,0.1417176138400569,1.0,1.0075315073262383
10.1,0.0,0.15480190066990315,1.0,1.0780944670821073
10.120000000000001,0.0,0.15875825881754216,1.0,1.136279820552775
10.14,0.0,0.16280237528070235,1.0,1.1754760317446031
10.16,0.0,0.1646587504244402,1.0,1.2072697611833534
10.18,0.0,0.16514971302102513,1.0,1.2293361915539882
10.200000000000001,0.0,0.16654132130733854,-1.0,1.2490105443051156
10.22,0.0,-0.07426872524865134,-1.0,0.7601224851779691
10.24,0.0,-0.20584322333833185,-1.0,0.3963354309439111
10.26,0.0,-0.2773084124827965,-1.0,0.1220004414376477
10.28,0.0,-0.3174333647577536,-1.0,-0.08436905177669926
10.3,0.0,-0.3384297960514736,-1.0,-0.23775832099481364
10.32,0.0,-0.35243056883321816,-1.0,-0.3538892542747771
10.34,0.0,-0.3593288560609025,-1.0,-0.43847312724679005
10.36,0.0,-0.362121064015054,-1.0,-0.505500377075539
10.38,0.0,-0.36249117354319593,-1.0,-0.5541514020887284
10.4,1.0,-0.36550672363628567,1.0,-0.590459858554539
10.42,1.0,0.17401967396327594,1.0,-0.21731149655565837
10.44,1.0,0.4705364367379636,1.0,0.061795423171248434
10.46,1.0,0.6358233402331822,1.0,0.2704538229281933
10.48,1.0,0.7228893113727971,1.0,0.4291146574839194
10.5,1.0,0.7724929397915443,1.0,0.5455398506095972
10.52,1.0,0.8018320828365545,1.0,0.6342002708230066
10.540000000000001,1.0,0.8141673773703385,1.0,0.7021890518468868
10.56,1.0,0.8239415376422834,1.0,0.7508993687831963
10.58,1.0,0.8285642407848781,1.0,0.7891101858556956
10.6,0.0,0.8316200381194533,-1.0,0.8172904814911534
10.620000000000001,0.0,0.29241482672449215,-1.0,0.4375209639782919
10.64,0.0,-0.0047470212367124965,-1.0,0.15010015449802275
10.66,0.0,-0.16669091287908494,-1.0,-0.06266897384242721
10.68,0.0,-0.25793996902783173,-1.0,-0.22105831832090353
10.700000000000001,0.0,-0.30718001323546446,-1.0,-0.3395106529087418
10.72,0.0,-0.33284839607373945,-1.0,-0.4294061693837634
10.74,0.0,-0.3477276882772815,-1.0,-0.49901820794061774
10.76,0.0,-0.3573550908423348,-1.0,-0.5488083000372322
10.78,0.0,-0.36011186256790306,-1.0,-0.5868793753129683
10.8,-1.0,-0.36398442171743733,0.0,-0.6139569630347608
10.82,-1.0,-0.5455698494631387,0.0,-0.28477556229580375
10.84,-1.0,-0.6440802765389666,0.0,-0.04106945068534398
10.86,-1.0,-0.7008136605537459,0.0,0.1450525542787347
10.88,-1.0,-0.7299823126501603,0.0,0.284245856434336
10.9,-1.0,-0.7464405670730113,0.0,0.38913251769537105
10.92,-1.0,-0.7556696749325277,0.0,0.46702154361142556
10.94,-1.0,-0.7603693144166208,0.0,0.5255195575740335
10.96,-1.0,-0.7629559257379475,0.0,0.5682228502625022
10.98,-1.0,-0.7655243298804638,0.0,0.6017840463711849
11.0,-1.0,-0.7683511565642613,0.0,0.6260148446444647
11.02,-1.0,-0.7665844823380593,0.0,0.6424138250075001
11.040000000000001,-1.0,-0.7652841868502686,0.0,0.6608549380901954
11.06,-1.0,-0.7657439123447869,0.0,0.669214795185047
11.08,-1.0,-0.7672892845524221,0.0,0.6752421823310182
11.1,-1.0,-0.7665912678554845,0.0,0.6822996868578889
11.120000000000001,-1.0,-0.7663514669483794,0.0,0.6886067430218805
11.14,-1.0,-0.7682201775240808,0.0,0.6902288483084993
11.16,-1.0,-0.7667281668031236,0.0,0.6934304306468899
11.18,-1.0,-0.7650637178969876,0.0,0.6949398580762121
11.200000000000001,0.0,-0.7658905196161454,1.0,0.6962441855912466
11.22,0.0,-0.347042923162778,1.0,0.8456035451131179
11.24,0.0,-0.11492719152700595,1.0,0.958757599665214
11.26,0.0,0.010004254720612851,1.0,1.0439171041467692
11.28,0.0,0.08024699367955766,1.0,1.1073122487324953
11.3,0.0,0.11856151842039976,1.0,1.156088716976645
11.32,0.0,0.13872551654470489,1.0,1.191783391845537
11.34,0.0,0.15218315138847005,1.0,1.2201332984620428
11.36,0.0,0.1588077751252362,1.0,1.2400436132129775
11.38,0.0,0.1621416022118046,1.0,1.256216993045782
11.4,0.0,0.1642180283286555,0.0,1.2673245789327068
11.42,0.0,0.04458907548973782,0.0,1.0227944787502041
11.44,0.0,-0.021464214814059912,0.0,0.8419737176089968
11.46,0.0,-0.05451245227284239,0.0,0.7077226244545012
11.48,0.0,-0.07653515129561123,0.0,0.6058087012148899
11.5,0.0,-0.08804171832841809,0.0,0.5294036680024504
11.52,0.0,-0.0925843256857952,0.0,0.4721469602095848
11.540000000000001,0.0,-0.09719118198838567,0.0,0.42722018045045257
11.56,0.0,-0.09920426255485715,0.0,0.39681832757100155
11.58,0.0,-0.09973597532283948,0.0,0.37214033189757684
11.6,0.0,-0.09897677262307782,0.0,0.3552423045469179
11.620000000000001,0.0,-0.10005507005208705,0.0,0.34061295582941664
11.64,0.0,-0.09896856967273109,0.0,0.330104202622048
11.66,0.0,-0.09846140134619673,0.0,0.3240259381567741
11.68,0.0,-0.10034869069202537,0.0,0.31580149929534634
11.700000000000001,0.0,-0.10139789843903856,0.0,0.31222620311573246
11.72,0.0,-0.09867526793812602,0.0,0.31050405499634187
11.74,0.0,-0.10206406935536538,0.0,0.30727284666284777
11.76,0.0,-0.10001534987634704,0.0,0.30465152252488265
11.78,0.0,-0.09866330491675716,0.0,0.30475623093918824
11.8,-1.0,-0.10098809949582195,0.0,0.3027567257049769
11.82,-1.0,-0.40055337350664333,0.0,0.402019892980527
11.84,-1.0,-0.5651602987752876,0.0,0.4774921215278673
11.86,-1.0,-0.6568747201454467,0.0,0.5321978469365765
11.88,-1.0,-0.7060927383136307,0.0,0.57471004575203
11.9,-1.0,-0.7331281258000609,0.0,0.6046354261237689
11.92,-1.0,-0.7486292599666603,0.0,0.6283610667159822
11.94,-1.0,-0.7561579390846371,0.0,0.6468660658695243
11.96,-1.0,-0.760618043151029,0.0,0.6600827856481699
11.98,-1.0,-0.7651267386023863,0.0,0.6711139381683654
12.0,-1.0,-0.7637622540153217,0.0,0.6769050383611626
12.02,-1.0,-0.7648646150263688,0.0,0.6829730718436018
12.040000000000001,-1.0,-0.7657120161015545,0.0,0.6874058158515245
12.06,-1.0,-0.7660057041697759,0.0,0.6900959066603204
12.08,-1.0,-0.7668428386749214,0.0,0.6928447009976322
12.1,-1.0,-0.7653141052323492,0.0,0.6926411376022309
12.120000000000001,-1.0,-0.768447939381946,0.0,0.697341159057172
12.14,-1.0,-0.7684862097833592,0.0,0.6978874619079065
12.16,-1.0,-0.7650358877083857,0.0,0.6981491499649938
12.18,-1.0,-0.7665169004771056,0.0,0.6979943288350999
12.200000000000001,1.0,-0.7663800651868037,-1.0,0.7003440549864494
12.22,1.0,-0.28713089089601357,-1.0,0.2494420714589438
12.24,1.0,-0.02236969333057041,-1.0,-0.08836193942337825
12.26,1.0,0.12175041866186426,-1.0,-0.34006150211165304
12.280000000000001,1.0,0.20193419443322055,-1.0,-0.5306197417511046
12.3,1.0,0.2489912904485844,-1.0,-0.6724596282952668
12.32,1.0,0.26872777787763896,-1.0,-0.7805917138442137
12.34,1.0,0.28416690881154216,-1.0,-0.861949138185317
12.36,1.0,0.2926737391398739,-1.0,-0.9191067765647104
12.38,1.0,0.2938818962649209,-1.0,-0.9643927192058247
12.4,1.0,0.29697778173081485,-1.0,-0.9990764084318696
12.42,1.0,0.2981797979610547,-1.0,-1.0245205845805798
12.44,1.0,0.30062834796053084,-1.0,-1.0417761551257965
12.46,1.0,0.297284538064522,-1.0,-1.0585094368924064
12.48,1.0,0.302048343651657,-1.0,-1.069262695043224
12.5,1.0,0.2982566907401489,-1.0,-1.0757588588783251
12.52,1.0,0.3002448457833447,-1.0,-1.0808091798437864
12.540000000000001,1.0,0.3026374057700552,-1.0,-1.085360184817846
12.56,1.0,0.29912471287508097,-1.0,-1.0904559043231972
12.58,1.0,0.2985145127705533,-1.0,-1.0924644913496782
12.6,-1.0,0.2998529413776651,-1.0,-1.0934067188145078
12.620000000000001,-1.0,-0.3011417052269995,-1.0,-0.8973104011470154
12.64,-1.0,-0.6286909277192955,-1.0,-0.7459358720383344
12.66,-1.0,-0.8120182596295805,-1.0,-0.6357723860621961
12.68,-1.0,-0.9113723296996501,-1.0,-0.5520475034354713
12.700000000000001,-1.0,-0.9652804096816733,-1.0,-0.4898888188657498
12.72,-1.0,-0.9952678031856472,-1.0,-0.4426207992954421
12.74,-1.0,-1.0143819528718745,-1.0,-0.4051473974393224
12.76,-1.0,-1.022858974813833,-1.0,-0.37957308988583865
12.780000000000001,-1.0,-1.027062151858068,-1.0,-0.3607027058282859
12.8,-1.0,-1.0305791146581653,-1.0,-0.34241213815743204
12.82,-1.0,-1.0306606230403978,-1.0,-0.3342293402771544
12.84,-1.0,-1.0317103144531277,-1.0,-0.32496300572781195
12.86,-1.0,-1.0328622572168518,-1.0,-0.3164740104956073
12.88,-1.0,-1.032443691564717,-1.0,-0.31341947545737076
12.9,-1.0,-1.0343785216024204,-1.0,-0.3103027507057562
12.92,-1.0,-1.0311120844841208,-1.0,-0.30730639402730026
12.94,-1.0,-1.0339043629609521,-1.0,-0.3078292391197587
12.96,-1.0,-1.033736963466887,-1.0,-0.3043588446373482
12.98,-1.0,-1.032951666777326,-1.0,-0.30343795624661113
13.0,-1.0,-1.0335175230730105,1.0,-0.3040655641422116
13.02,-1.0,-0.7928484421140803,1.0,0.19895805409916434
13.040000000000001,-1.0,-0.6627099362683619,1.0,0.5738401120409443
13.06,-1.0,-0.5898945243406278,1.0,0.8554719197150227
13.08,-1.0,-0.5491636025159949,1.0,1.0684170162510727
13.1,-1.0,-0.5276411615402185,1.0,1.225063208114944
13.120000000000001,-1.0,-0.511429820915281,1.0,1.3436418372393073
13.14,-1.0,-0.508314971980483,1.0,1.4337209830859177
13.16,-1.0,-0.5052515699010568,1.0,1.4989403263428167
13.18,-1.0,-0.5025537198169018,1.0,1.552443313138287
13.200000000000001,0.0,-0.5014461206070858,-1.0,1.5888242082864081
13.22,0.0,-0.43965569709276475,-1.0,1.0166790215974397
13.24,0.0,-0.4071696322291894,-1.0,0.5862812570823341
13.26,0.0,-0.3897148192979966,-1.0,0.26611143602858256
13.280000000000001,0.0,-0.37773274847140936,-1.0,0.024413166735856848
13.3,0.0,-0.37463520155063057,-1.0,-0.15803440855347964
13.32,0.0,-0.36951064658033933,-1.0,-0.29344427638718207
13.34,0.0,-0.36753009837530143,-1.0,-0.39581892661348145
13.36,0.0,-0.3689447548287444,-1.0,-0.47042706918059435
13.38,0.0,-0.3668940136678445,-1.0,-0.5288675646147257
13.4,0.0,-0.36414179345007525,-1.0,-0.569738456845583
13.42,0.0,-0.3645690948656337,-1.0,-0.6026232706938495
13.44,0.0,-0.3679846289116766,-1.0,-0.6274763728377868
13.46,0.0,-0.3663822353702801,-1.0,-0.6450955604247616
13.48,0.0,-0.36625708064300694,-1.0,-0.6597459700511291
13.5,0.0,-0.366540667915414,-1.0,-0.6688216695232189
13.52,0.0,-0.3662501406198689,-1.0,-0.6759666107524293
13.540000000000001,0.0,-0.367465078362803,-1.0,-0.6829827096179356
13.56,0.0,-0.3669253421794247,-1.0,-0.6866819039272452
13.58,0.0,-0.3678834100967609,-1.0,-0.6926778757358045
13.6,0.0,-0.3651865912075641,-1.0,-0.6929185455484287
13.620000000000001,0.0,-0.3673222223981415,-1.0,-0.6939959140105829
13.64,0.0,-0.3657455068048789,-1.0,-0.6944538904749531
13.66,0.0,-0.36599127870279974,-1.0,-0.6965147146842126
13.68,0.0,-0.3662029243093748,-1.0,-0.6975562256353004
13.700000000000001,0.0,-0.3656653962279785,-1.0,-0.6977589360170164
13.72,0.0,-0.36592742570773923,-1.0,-0.6979337502013153
13.74,0.0,-0.36598302534997595,-1.0,-0.697090187587423
13.76,0.0,-0.3664380465694919,-1.0,-0.7009296739447474
13.780000000000001,0.0,-0.3655727628640187,-1.0,-0.6999335593736717
13.8,1.0,-0.3671109698360135,-1.0,-0.698685580761771
13.82,1.0,-0.06835479427359115,-1.0,-0.8001886321172197
13.84,1.0,0.09544572439341978,-1.0,-0.8751987723941587
13.86,1.0,0.1900951330239251,-1.0,-0.9312139963450199
13.88,1.0,0.23914729329491197,-1.0,-0.9729518361580636
13.9,1.0,0.26670060821285385,-1.0,-1.0039030053827918
13.92,1.0,0.2808502957857817,-1.0,-1.0286945069049342
13.94,1.0,0.29073220436061314,-1.0,-1.0477541547592795
13.96,1.0,0.2931484616138039,-1.0,-1.05997525366697
13.98,1.0,0.2967244555796962,-1.0,-1.0711586730588665
14.0,0.0,0.29782201358031496,-1.0,-1.0771663543116283
14.02,0.0,0.0007400424230177875,-1.0,-0.9827605888027735
14.040000000000001,0.0,-0.16684813800718126,-1.0,-0.91368307446577
14.06,0.0,-0.255834868175019,-1.0,-0.8604897774253151
14.08,0.0,-0.3057019500797951,-1.0,-0.8192062331741822
14.1,0.0,-0.3328755256292581,-1.0,-0.7890925829620484
14.120000000000001,0.0,-0.34865088677788847,-1.0,-0.7666601795313265
14.14,0.0,-0.356479494546485,-1.0,-0.7502402018723061
14.16,0.0,-0.36082758634669276,-1.0,-0.7382057883961987
14.18,0.0,-0.3636430192403876,-1.0,-0.7288107943081424
14.200000000000001,0.0,-0.3643534479926847,1.0,-0.720195996037088
14.22,0.0,-0.1259790765550535,1.0,-0.2158636699972634
14.24,0.0,0.005827659328922268,1.0,0.1629935928665132
14.26,0.0,0.07852952323053182,1.0,0.44680225275388735
14.280000000000001,0.0,0.11770509638834006,1.0,0.6617284144651834
14.3,0.0,0.1407978092617076,1.0,0.8197151649652779
14.32,0.0,0.14941243313075944,1.0,0.9402746461567283
14.34,0.0,0.1581264341139631,1.0,1.0296880469585503
14.36,0.0,0.16244494708683274,1.0,1.0977434215691027
14.38,0.0,0.16279185708697375,1.0,1.1480233746025683
14.4,-1.0,0.16564889378895192,1.0,1.186377441600036
14.42,-1.0,-0.13540896243831263,1.0,1.3152989324005073
14.44,-1.0,-0.29999300053109773,1.0,1.4095895992716616
14.46,-1.0,-0.38846620738126436,1.0,1.483233194790141
14.48,-1.0,-0.43928745831427723,1.0,1.5348564551163644
14.5,-1.0,-0.4683285480292867,1.0,1.5799967318977124
14.52,-1.0,-0.4836443428812641,1.0,1.6101492196955802
14.540000000000001,-1.0,-0.4906093464603103,1.0,1.632355748380514
14.56,-1.0,-0.4943505246287119,1.0,1.6487083387862458
14.58,-1.0,-0.49611858382011015,1.0,1.663140433863879
14.6,-1.0,-0.4968291627903639,1.0,1.6723763656336934
14.620000000000001,-1.0,-0.49767585147991983,1.0,1.6788454988234474
14.64,-1.0,-0.49924205488570333,1.0,1.6841889924584776
14.66,-1.0,-0.5002043207289301,1.0,1.6878456171888672
14.68,-1.0,-0.5016432213115812,1.0,1.6906006355746472
14.700000000000001,-1.0,-0.5001912539932842,1.0,1.6929124049640256
14.72,-1.0,-0.49843805319025164,1.0,1.6947286341310996
14.74,-1.0,-0.5009377760596152,1.0,1.6959506417216603
14.76,-1.0,-0.4975053795823475,1.0,1.6975872787652195
14.780000000000001,-1.0,-0.49893826364888927,1.0,1.6972154154932395
14.8,0.0,-0.49947836446823607,0.0,1.6985007597147912
14.82,0.0,-0.3202378993346257,0.0,1.3481210675750765
14.84,0.0,-0.21926267951128814,0.0,1.086843841934733
14.86,0.0,-0.16605280462976466,0.0,0.8897406785715949
14.88,0.0,-0.13649062136328394,0.0,0.7438592766552659
14.9,0.0,-0.11903321077866266,0.0,0.6347571094100815
14.92,0.0,-0.11249208491155527,0.0,0.5476173043146436
14.94,0.0,-0.10717703615426885,0.0,0.4853049125888028
14.96,0.0,-0.10389279852131833,0.0,0.4390948010973683
14.98,0.0,-0.10151287647579083,0.0,0.4085263612084483
15.0,-1.0,-0.10147621087691248,0.0,0.37896180881726593
15.02,-1.0,-0.402363233467104,0.0,0.45819655680833277
15.040000000000001,-1.0,-0.5653127313590184,0.0,0.5189404760030882
15.06,-1.0,-0.6580552639271466,0.0,0.5651287501772682
15.08,-1.0,-0.7050884138132264,0.0,0.5983692415322753
15.1,-1.0,-0.732691470041453,0.0,0.6252350677081278
15.120000000000001,-1.0,-0.747204127468539,0.0,0.6435230966647528
15.14,-1.0,-0.757532785372665,0.0,0.6556607791368254
15.16,-1.0,-0.7611387991147044,0.0,0.667543010980966
15.18,-1.0,-0.7634222223780868,0.0,0.6765089326360963
15.200000000000001,0.0,-0.7659554256203766,0.0,0.6798634607724353
15.22,0.0,-0.4633177993489072,0.0,0.5847771997469137
15.24,0.0,-0.30144190533474635,0.0,0.5156601925670631
15.26,0.0,-0.2103144325097487,0.0,0.4600710060501201
15.280000000000001,0.0,-0.16263042483066076,0.0,0.42000813216175825
15.3,0.0,-0.13384667943028294,0.0,0.3902138556680585
15.32,0.0,-0.11941217959090748,0.0,0.3679682161912107
15.34,0.0,-0.1094037619688986,0.0,0.35003489307502045
15.36,0.0,-0.10546346974232111,0.0,0.3371637113900529
15.38,0.0,-0.10084664255367878,0.0,0.3297783670260423
15.4,1.0,-0.1019864505569431,0.0,0.3225470361825125
15.42,1.0,0.1985740767040577,0.0,0.2141593204078416
15.44,1.0,0.36492480917446846,0.0,0.1382113364056381
15.46,1.0,0.454747341735674,0.0,0.07740109309889003
15.48,1.0,0.5069858540404842,0.0,0.03189547473273777
15.5,1.0,0.5325965773422665,0.0,0.0006587614062991418
15.52,1.0,0.548026095863401,0.0,-0.025229277016740752
15.540000000000001,1.0,0.5573393972446448,0.0,-0.04401101937173363
15.56,1.0,0.5603552677451121,0.0,-0.05846394804764396
15.58,1.0,0.5652268810434963,0.0,-0.06940204937368484
15.6,-1.0,0.565403067563791,-1.0,-0.0754259626641026
15.620000000000001,-1.0,-0.15516177762879224,-1.0,-0.1312868956798068
15.64,-1.0,-0.5504703344036578,-1.0,-0.17383499303404798
15.66,-1.0,-0.7667335747508027,-1.0,-0.20707334259300178
15.68,-1.0,-0.8874483294788337,-1.0,-0.2290477617790827
15.700000000000001,-1.0,-0.9522520168059425,-1.0,-0.24713333377603577
15.72,-1.0,-0.9894374190457313,-1.0,-0.2614633133659861
15.74,-1.0,-1.0104716244696976,-1.0,-0.2717210697661705
15.76,-1.0,-1.020012442055901,-1.0,-0.2783180126308711
15.780000000000001,-1.0,-1.0261744696160389,-1.0,-0.28331577666058966
15.8,-1.0,-1.0296476741642708,1.0,-0.28834537595601956
15.82,-1.0,-0.7919676981976252,1.0,0.20673087445015323
15.84,-1.0,-0.6616038081242295,1.0,0.582101517787083
15.860000000000001,-1.0,-0.5893254204609236,1.0,0.863444058981632
15.88,-1.0,-0.5496394298317624,1.0,1.0720063016367476
15.9,-1.0,-0.5251122505081451,1.0,1.2291189489554044
15.92,-1.0,-0.5126729662153342,1.0,1.348053935003331
15.94,-1.0,-0.507018670096103,1.0,1.435711112042637
15.96,-1.0,-0.5055112625934812,1.0,1.500009783961062
15.98,-1.0,-0.503298626562726,1.0,1.5512955515032028
16.0,1.0,-0.5019165636862349,0.0,1.5872496530496985
16.02,1.0,-0.0191164481164043,0.0,1.1673146000665937
16.04,1.0,0.24274174466777898,0.0,0.8489118200179202
16.06,1.0,0.3894906871414631,0.0,0.6116800045967429
16.080000000000002,1.0,0.4681025657323392,0.0,0.43401909097591707
16.1,1.0,0.511813530266801,0.0,0.3016332937278041
16.12,1.0,0.5354728601702551,0.0,0.19939363283881786
16.14,1.0,0.550495714687602,0.0,0.12274393455071558
16.16,1.0,0.5586077662621067,0.0,0.06942365703988368
16.18,1.0,0.5626938706002845,0.0,0.027349380824275748
16.2,-1.0,0.5639875239879534,-1.0,-0.0052385003853071075
16.22,-1.0,-0.15316098354126736,-1.0,-0.07859853822172061
16.240000000000002,-1.0,-0.5502089068375006,-1.0,-0.1329595109254334
16.26,-1.0,-0.7680125657954746,-1.0,-0.17687627868566783
16.28,-1.0,-0.8866839068757375,-1.0,-0.20534531980515727
16.3,-1.0,-0.9519726102536243,-1.0,-0.23075252829647866
16.32,-1.0,-0.9895189867278799,-1.0,-0.2473748248554373
16.34,-1.0,-1.011497028644019,-1.0,-0.26099030197248096
16.36,-1.0,-1.020364451146353,-1.0,-0.26917166104567175
16.38,-1.0,-1.0265834472975037,-1.0,-0.2776344364029494
16.4,1.0,-1.0301035057731487,-1.0,-0.2832932143296569
16.42,1.0,-0.4302784114509654,-1.0,-0.4870044359366787
16.44,1.0,-0.10150886925293885,-1.0,-0.6407251070537057
16.46,1.0,0.07881597282074773,-1.0,-0.7568527455029763
16.48,1.0,0.17722793340378346,-1.0,-0.8422355023570446
16.5,1.0,0.23228597660349212,-1.0,-0.9047553723692913
16.52,1.0,0.263644962610746,-1.0,-0.9551504973413577
16.54,1.0,0.28160339875193935,-1.0,-0.9914711245127455
16.56,1.0,0.28935197148873015,-1.0,-1.0201540590312363
16.580000000000002,1.0,0.29492202249978516,-1.0,-1.0405896647088158
16.6,1.0,0.2983898998120733,-1.0,-1.0548552187797737
16.62,1.0,0.29871329607748964,-1.0,-1.0662304987044784
16.64,1.0,0.30008713264077885,-1.0,-1.0743350732797603
16.66,1.0,0.2976668216933495,-1.0,-1.080191890230948
16.68,1.0,0.29809440033284373,-1.0,-1.084229831805871
16.7,1.0,0.2993545592718345,-1.0,-1.0917073347239634
16.72,1.0,0.2989127003660024,-1.0,-1.0933334416381655
16.740000000000002,1.0,0.301148474255849,-1.0,-1.0928250981154632
16.76,1.0,0.30060250440343134,-1.0,-1.094702475858064
16.78,1.0,0.30047989506565764,-1.0,-1.0956703177121632
16.8,0.0,0.3015754484306771,1.0,-1.0959587547424223
16.82,0.0,0.23780485336265428,1.0,-0.4964628924447494
16.84,0.0,0.2071910407914081,1.0,-0.04852015500426667
16.86,0.0,0.18960762490183347,1.0,0.2870876601896079
16.88,0.0,0.17855179857337466,1.0,0.5403806569681399
16.9,0.0,0.17424539056896007,1.0,0.7313965492710195
16.92,0.0,0.17020341806060066,1.0,0.8735901515466687
16.94,0.0,0.16871232634423106,1.0,0.9818920204677245
16.96,0.0,0.16871155780186403,1.0,1.0594028060521614
16.98,0.0,0.16578614978557127,1.0,1.1226500565078044
17.0,0.0,0.16752652080871114,0.0,1.1645750470608467
17.02,0.0,0.04738583516672189,0.0,0.9492563921431151
17.04,0.0,-0.017508436607962516,0.0,0.7876671944865737
17.06,0.0,-0.055033361153270115,0.0,0.6651994263067021
17.080000000000002,0.0,-0.0752798038745875,0.0,0.5722705854888677
17.1,0.0,-0.08769315911380544,0.0,0.5049186633578223
17.12,0.0,-0.09239159122848599,0.0,0.454730316872909
17.14,0.0,-0.09551717768415044,0.0,0.4151033056574601
17.16,0.0,-0.09728853892013857,0.0,0.38755426393889114
17.18,0.0,-0.1003226064988291,0.0,0.36433539530626097
17.2,1.0,-0.10060467022833416,0.0,0.34908137082373575
17.22,1.0,0.2011107295721313,0.0,0.23911882011754385
17.240000000000002,1.0,0.3647353121264661,0.0,0.1535726212841527
17.26,1.0,0.4563260477785517,0.0,0.08881930086762096
17.28,1.0,0.5058551648007733,0.0,0.04251771251166717
17.3,1.0,0.5313570636318343,0.0,0.006519334585376934
17.32,1.0,0.5495103412387731,0.0,-0.022090613526544345
17.34,1.0,0.5563819132363435,0.0,-0.04104675179811178
17.36,1.0,0.5628572599559301,0.0,-0.054730073520426366
17.38,1.0,0.5641187409672341,0.0,-0.06637377426642449
17.400000000000002,-1.0,0.5652694246362315,0.0,-0.07430448940722656
17.42,-1.0,-0.03368588812117973,0.0,0.11941022890475249
17.44,-1.0,-0.3654335329560912,0.0,0.26331055265330194
17.46,-1.0,-0.5442349751674201,0.0,0.3735322496876402
17.48,-1.0,-0.6441189615846329,0.0,0.45522891951462996
17.5,-1.0,-0.6992743297931658,0.0,0.5183391313004736
17.52,-1.0,-0.7285960111488966,0.0,0.5628014271402283
17.54,-1.0,-0.7471455084743313,0.0,0.5968742745942117
17.56,-1.0,-0.7564419676610498,0.0,0.621401719132332
17.580000000000002,-1.0,-0.7633500511364724,0.0,0.6419934195710616
17.6,1.0,-0.7628514325919946,0.0,0.6561873401305116
17.62,1.0,-0.1663993275752227,0.0,0.4690085492575773
17.64,1.0,0.16504069636669624,0.0,0.32508028776164494
17.66,1.0,0.3447833105778667,0.0,0.2162212840325875
17.68,1.0,0.444696290221326,0.0,0.13935804389410908
17.7,1.0,0.49948099370044075,0.0,0.07812296161639082
17.72,1.0,0.5297013147112692,0.0,0.03499080390721866
17.740000000000002,1.0,0.5481193398642559,0.0,0.0008713098561545728
17.76,1.0,0.5561794438639043,0.0,-0.02179789884152685
17.78,1.0,0.5601409006961096,0.0,-0.04388996336660494
17.8,-1.0,0.5613838583657551,0.0,-0.058423843209491275
17.82,-1.0,-0.036491362019556745,0.0,0.13178805187457276
17.84,-1.0,-0.36262450861592593,0.0,0.27357542847192867
17.86,-1.0,-0.5462310784959223,0.0,0.38129973873523926
17.88,-1.0,-0.6460825661065609,0.0,0.46081476513108954
17.900000000000002,-1.0,-0.6996004441016762,0.0,0.5198523527027271
17.92,-1.0,-0.7298553779667403,0.0,0.5658215303626895
17.94,-1.0,-0.747371770391323,0.0,0.5985656212979605
17.96,-1.0,-0.7564630212643281,0.0,0.6235495645859208
17.98,-1.0,-0.7610751112328304,0.0,0.6428138253413849
18.0,0.0,-0.7647032090056376,-1.0,0.6558761277043726
18.02,0.0,-0.5851467794914396,-1.0,0.3189340020378086
18.04,0.0,-0.4877459958844941,-1.0,0.06438780913807228
18.06,0.0,-0.4325945292311406,-1.0,-0.12849048410622488
18.080000000000002,0.0,-0.40279706875050447,-1.0,-0.270452941992143
18.1,0.0,-0.38461497630624386,-1.0,-0.37806165122817853
18.12,0.0,-0.3784336380346664,-1.0,-0.45885087808874114
18.14,0.0,-0.37261867513989194,-1.0,-0.520678770493073
18.16,0.0,-0.3694968584044698,-1.0,-0.5641230066398398
18.18,0.0,-0.368772780861068,-1.0,-0.5975219263583935
18.2,0.0,-0.366279005772469,0.0,-0.6240251695025453
18.22,0.0,-0.2471404623604104,0.0,-0.3936001554897657
18.240000000000002,0.0,-0.18298656772327512,0.0,-0.21978333124229948
18.26,0.0,-0.14540531651743444,0.0,-0.08849190309407562
18.28,0.0,-0.1237733397271392,0.0,0.007788998455044738
18.3,0.0,-0.11344961286840938,0.0,0.0807075470645437
18.32,0.0,-0.10715394892786285,0.0,0.1357339730781195
18.34,0.0,-0.10474529814327756,0.0,0.17857640350678616
18.36,0.0,-0.10237618185620116,0.0,0.2068416659804001
18.38,0.0,-0.10028683331511312,0.0,0.23272826594801835
18.400000000000002,-1.0,-0.09901003483993567,-1.0,0.24889465332707839
18.42,-1.0,-0.520425229661759,-1.0,0.11180391115398249
18.44,-1.0,-0.749593163191552,-1.0,0.007109688956590628
18.46,-1.0,-0.8771010091889434,-1.0,-0.06948440490683856
18.48,-1.0,-0.9471231659536165,-1.0,-0.1261224701529685
18.5,-1.0,-0.9861671403821763,-1.0,-0.1703584945260288
18.52,-1.0,-1.0071257234872997,-1.0,-0.20354019762473047
18.54,-1.0,-1.0196866076509679,-1.0,-0.2276188919394607
18.56,-1.0,-1.0256537431669577,-1.0,-0.24464968161489856
18.580000000000002,-1.0,-1.0282624116475312,-1.0,-0.25891677799121354
18.6,-1.0,-1.032226415525241,-1.0,-0.26867350785777205
18.62,-1.0,-1.0316158404245246,-1.0,-0.27517023108265026
18.64,-1.0,-1.0333204512528031,-1.0,-0.2799853557797239
18.66,-1.0,-1.0335230929031536,-1.0,-0.28660458506474495
18.68,-1.0,-1.0320890156037823,-1.0,-0.2920560706427515
18.7,-1.0,-1.032734791294033,-1.0,-0.29124354848891737
18.72,-1.0,-1.0344415663119553,-1.0,-0.2950839333073086
18.740000000000002,-1.0,-1.0321922733709,-1.0,-0.29689081066481243
18.76,-1.0,-1.034985477232061,-1.0,-0.2962107402793834
18.78,-1.0,-1.0330279100805926,-1.0,-0.2963845074693513
18.8,0.0,-1.0342845387678847,-1.0,-0.2982766501931972
18.82,0.0,-0.7324080190715235,-1.0,-0.39796557775052027
18.84,0.0,-0.5690213605399844,-1.0,-0.47219472501185
18.86,0.0,-0.47704558709326267,-1.0,-0.5294117502043258
18.88,0.0,-0.4285238645175415,-1.0,-0.5719379599824409
18.900000000000002,0.0,-0.4011616912725701,-1.0,-0.6045425132945319
18.92,0.0,-0.38593311236525973,-1.0,-0.6290554586772112
18.94,0.0,-0.3769683868422108,-1.0,-0.6467436398768337
18.96,0.0,-0.3733132024409203,-1.0,-0.6595429877796082
18.98,0.0,-0.3691148481354891,-1.0,-0.6692868966994713
19.0,0.0,-0.3698958490993387,1.0,-0.6790381605097771
19.02,0.0,-0.1279269125984794,1.0,-0.18404010986158154
19.04,0.0,0.004344447761585972,1.0,0.18580498351486105
19.06,0.0,0.07770570199078392,1.0,0.46543980002229485
19.080000000000002,0.0,0.11812577499641135,1.0,0.6740337015235208
19.1,0.0,0.14037835105083055,1.0,0.8289070807694482
19.12,0.0,0.15118560107819862,1.0,0.9463666775768457
19.14,0.0,0.15874011738641258,1.0,1.0365432233246712
19.16,0.0,0.16218170010049127,1.0,1.100497143175435
19.18,0.0,0.16413661204619104,1.0,1.1525594306908786
19.2,1.0,0.16515504866335579,1.0,1.1894083133843987
19.22,1.0,0.4667052190127512,1.0,1.1159219562343319
19.240000000000002,1.0,0.6328377149740946,1.0,1.062215219242447
19.26,1.0,0.7234798872100447,1.0,1.0219371793574248
19.28,1.0,0.7732314444892244,1.0,0.9908726064157223
19.3,1.0,0.7996513131120071,1.0,0.9698889343321724
19.32,1.0,0.8131719814321948,1.0,0.9504047707334314
19.34,1.0,0.8218987573790062,1.0,0.9391381740295545
19.36,1.0,0.8287916468590745,1.0,0.927362473337384
19.38,1.0,0.829590729833081,1.0,0.922261784632201
19.400000000000002,-1.0,0.8308569173304291,0.0,0.9158702948328912
19.42,-1.0,0.1114875340733229,0.0,0.8642354478735309
19.44,-1.0,-0.28318534662424066,0.0,0.8216318876031193
19.46,-1.0,-0.5011441122148348,0.0,0.7919125868075986
19.48,-1.0,-0.6197693833676903,0.0,0.7690787239818397
19.5,-1.0,-0.6880357887087714,0.0,0.751747138777933
19.52,-1.0,-0.7214927015733104,0.0,0.7386510023428904
19.54,-1.0,-0.7413589735395626,0.0,0.7280643711327558
19.56,-1.0,-0.7528269560537905,0.0,0.7216015577323549
19.580000000000002,-1.0,-0.7596338761640862,0.0,0.7181143255039312
19.6,0.0,-0.7623505597518832,1.0,0.7106062646543125
19.62,0.0,-0.3430823475352383,1.0,0.8567609354874047
19.64,0.0,-0.11599929373628849,1.0,0.9698333489775561
19.66,0.0,0.011006990216040928,1.0,1.0520379532130748
19.68,0.0,0.08179512629136719,1.0,1.1136130287243402
19.7,0.0,0.11960191186085369,1.0,1.1600647436097147
19.72,0.0,0.1393198915360384,1.0,1.1955314994279649
19.740000000000002,0.0,0.15311237448409712,1.0,1.2222855269321953
19.76,0.0,0.15870631015091202,1.0,1.2426154211322167
19.78,0.0,0.16146735042962335,1.0,1.256329435411244
19.8,1.0,0.16507935647196073,-1.0,1.2663015782069569
19.82,1.0,0.22765314272584994,-1.0,0.6749067673413376
19.84,1.0,0.2574259406521383,-1.0,0.23111560821614668
19.86,1.0,0.2757931529752534,-1.0,-0.10123123027803688
19.88,1.0,0.28997500173741536,-1.0,-0.3512226228969252
19.900000000000002,1.0,0.2935204999330464,-1.0,-0.5388302017986523
19.92,1.0,0.2969541754997954,-1.0,-0.6799036386574535
19.94,1.0,0.29855891848091776,-1.0,-0.7854210697292726
19.96,1.0,0.29998859248808224,-1.0,-0.8633824955703772
19.98,1.0,0.2998467675012267,-1.0,-0.9226578610155732
