time_s,x1,x2,y
0,0.2938730992,0.0249932348,1.030241205
0.01,-1.281509925,0.5370124011,-3.266899895
0.02,0.03676642135,0.5482658053,0.02146575457
0.03,-0.5527341072,0.9470042098,-1.717028008
0.04,0.1001014092,0.0258020129,0.5752606359
0.05,0.7493067426,-1.487346206,3.221417617
0.06,-0.5992762947,0.3731580006,-1.445806676
0.07,1.620594746,0.6651462508,3.850416196
0.08,-0.1951516156,0.09489742759,-0.2471165555
0.09,0.7251977613,0.1077451524,2.028864682
0.1,0.829950327,-0.05032867793,2.381829093
0.11,1.76985355,-0.07941680939,4.79972754
0.12,0.6760379508,0.4234807981,1.699097236
0.13,-0.5525865295,1.571518066,-2.190513346
0.14,-0.7477294778,-0.9738190887,-0.8772039905
0.15,0.354788366,-0.2729565121,1.401971809
0.16,-1.104865699,-1.350738622,-1.504754003
0.17,0.4328640274,0.1797402026,1.241032862
0.18,1.922529597,-0.1170977062,5.149485899
0.19,0.6546332988,-1.21821808,2.798599713
0.2,-0.7312114909,-0.5655261512,-1.164184906
0.21,1.299098088,0.3344972517,3.378239801
0.22,1.169409959,-2.437266849,4.948080681
0.23,0.3970160437,-0.8242836903,1.89885834
0.24,1.005401995,-1.750435714,4.027078201
0.25,0.0772694177,-1.464343676,1.506199726
0.26,0.5505096149,-0.5416365012,2.067007759
0.27,-2.335255658,0.1641267029,-5.63945771
0.28,1.555603147,0.8941770086,3.56635342
0.29,-0.8148478738,0.3806065466,-2.002590416
0.3,-0.3608093902,-0.4171195175,-0.3548235369
0.31,-0.2987910685,-0.1669084004,-0.3789292644
0.32,-1.729826632,0.1405063126,-4.09095314
0.33,-0.9627055593,-0.3723021961,-1.869712757
0.34,-0.8477400139,0.407421712,-2.108182272
0.35,0.7782180335,-0.5329247726,2.627296885
0.36,0.1779180147,-1.015926334,1.500123291
0.37,-0.4709399493,-0.7273652553,-0.369821327
0.38,0.7082957114,-0.09733987149,2.151857289
0.39,-0.6017636413,-0.3161291056,-0.9724430463
0.4,-1.67808407,0.2084017072,-4.033849387
0.41,-1.508474543,1.122100651,-4.245185152
0.42,-0.1526982004,-0.3896147048,0.2053660913
0.43,-0.2345438558,-0.7604414347,0.223375135
0.44,-0.8097392788,-0.4995748322,-1.414393462
0.45,0.2237896348,-1.338684295,1.805855802
0.46,-0.5750823365,2.01447661,-2.525863976
0.47,1.169238396,-0.1130175453,3.311178609
0.48,-0.5087794218,-0.7988183323,-0.3954323321
0.49,-1.373112564,-0.3127590524,-2.859186278
0.5,0.3133614017,2.160085451,-0.41933997
0.51,-0.1259390947,1.513913852,-1.057412621
0.52,-0.570691109,-1.086870465,-0.3356727033
0.53,-0.3945299366,-0.7108807574,-0.181497096
0.54,0.6663144089,-0.983945665,2.635740588
0.55,1.635963811,-0.01123868167,4.371835345
0.56,0.3014597057,0.6034224488,0.6081110303
0.57,-0.750310723,0.9655400918,-2.24755756
0.58,-0.2200338634,0.3321462112,-0.5529896152
0.59,0.3639175554,1.194928107,0.3687240836
0.6,1.021801149,1.196488788,2.028016674
0.61,-2.324147621,0.892968907,-6.092211281
0.62,-0.7756624975,0.9303768794,-2.330115276
0.63,0.7167386754,-0.932818299,2.735343398
0.64,0.38128161,0.805889727,0.7062570101
0.65,-0.2381098553,-2.011375425,1.040857789
0.66,-0.6716449271,1.062097725,-2.137860849
0.67,-0.2260996601,1.141891871,-1.063644215
0.68,0.2979723781,0.3019210687,0.8268188641
0.69,0.3266352242,0.9026712161,0.4505258602
0.7,-0.5361600097,-0.723932186,-0.5399186753
0.71,-1.690537856,-1.058276484,-3.176230795
0.72,0.1019854286,0.8504720659,-0.04414681974
0.73,0.9246567483,-0.4057560903,2.893366536
0.74,-0.5638376912,-0.5326323078,-0.6942401631
0.75,0.4445323189,-1.089745383,2.236139586
0.76,-0.5302336645,-0.6001900747,-0.5892246384
0.77,1.148428916,-0.7080983699,3.649692933
0.78,0.6683534581,0.4799295682,1.624912671
0.79,-0.4002618428,-1.346803432,0.2166623667
0.8,-0.5894297273,-0.5540532983,-0.8335890872
0.81,0.2213930937,-0.1997475948,0.9893703362
0.82,-3.040378309,-1.221721206,-6.478371673
0.83,-0.9768639694,-0.03532599878,-2.127023771
0.84,0.08555938756,-0.1402993414,0.6553046101
0.85,-0.3556009834,0.5664078497,-0.9647278037
0.86,-0.4965857233,1.569176373,-2.060819607
0.87,-1.349303676,0.5284567494,-3.431609777
0.88,0.1612182782,-1.415107265,1.665721447
0.89,1.524674748,0.5942739834,3.685403907
0.9,0.0498992204,-0.4811384271,0.7648244976
0.91,1.254419842,-1.41839967,4.444517639
0.92,-0.7160901951,1.596644237,-2.607951045
0.93,-0.6160854879,0.9919684306,-1.942913584
0.94,0.1522587837,-0.220606202,0.8112474627
0.95,-0.3793433821,-0.4487927635,-0.3498112777
0.96,0.3347441815,0.1691676788,0.9951262789
0.97,-3.36662257,0.3027136711,-8.336370514
0.98,-1.206356073,0.2072291215,-2.874286046
0.99,-2.037032943,0.5957107954,-5.246371837
1,-1.06487052,-0.1481495094,-2.293603601
1.01,-1.417688176,-0.4185746362,-2.92813948
1.02,1.356272162,-1.731862897,4.894661492
1.03,-0.8511034161,0.5992149492,-2.225217279
1.04,-0.1594572488,-0.4458291391,0.1859779788
1.05,0.09853425228,0.08955643553,0.4556063964
1.06,0.7147120829,-0.5484655774,2.472247711
1.07,0.2012693274,-0.04870079117,0.8391071023
1.08,-0.9451159888,0.2657042737,-2.244687026
1.09,-1.216760065,-0.659072332,-2.284715725
1.1,-1.684211807,-0.4891149717,-3.517810984
1.11,1.633527627,1.264800142,3.48771833
1.12,-1.293531843,0.3088425828,-3.169718514
1.13,2.48473561,-0.314409224,6.685354704
1.14,-0.9817251732,-0.7382587829,-1.635370644
1.15,-0.8672009339,-0.4108479809,-1.58068505
1.16,-1.502772479,0.0532955172,-3.481964109
1.17,-0.7751432519,1.287060509,-2.524749497
1.18,-1.537462373,0.3079818867,-3.766230298
1.19,-1.19926202,-0.9607987966,-2.037150768
1.2,-0.7804891867,0.6915707857,-2.100514799
1.21,-1.100607155,-0.3544262006,-2.226617664
1.22,-0.5269937683,-0.5409682848,-0.6368376065
1.23,3.247883782,0.004491787002,8.40958625
1.24,1.213594482,-0.7072456841,3.778658305
1.25,0.4541877544,-0.8770831815,2.077833282
1.26,-0.5864004948,-0.5945710023,-0.7715890747
1.27,3.176198779,0.465469174,7.914920921
1.28,-0.0900658665,2.229126045,-1.467546435
1.29,0.9305665626,1.242572033,1.753450236
1.3,0.6541517474,-1.066173526,2.682247491
1.31,0.9130382473,-0.1127885471,2.66425611
1.32,-0.7411785098,-1.116092241,-0.7652975928
1.33,-1.150395912,0.3593136425,-2.781079856
1.34,1.76398794,-0.1305335424,4.784588937
1.35,1.210442014,0.2344856228,3.14452129
1.36,-0.1744203412,-3.247302772,2.133689474
1.37,-3.074055909,0.07313445734,-7.384491338
1.38,0.06148548223,-1.970597837,1.856779472
1.39,-0.06554752887,0.1643403898,0.04368616681
1.4,0.4641288266,-0.22896315,1.662295363
1.41,1.020350265,-0.968927773,3.549393079
1.42,-1.412001252,0.5275444673,-3.60059252
1.43,1.263972914,0.1290043792,3.341249091
1.44,-0.12229104,1.197658841,-0.803790505
1.45,-2.101667145,0.6981801854,-5.459595878
1.46,-0.1897476019,-0.4647791447,0.1775212168
1.47,2.070719697,-0.2078825446,5.634561447
1.48,0.709684312,0.187008711,1.964964061
1.49,0.4178580591,-1.391318357,2.308585267
1.5,0.4312843356,1.106941175,0.6090296972
1.51,-2.054111889,0.2535495421,-5.039534619
1.52,1.235305126,-1.556257521,4.487420897
1.53,0.6167636383,-0.158350097,1.933582909
1.54,-0.07264555324,0.6014736666,-0.3164541435
1.55,-0.103844482,0.4507883672,-0.2629293199
1.56,-1.165384693,0.5670281762,-3.013628961
1.57,-0.6108160286,-0.2811363441,-1.031807244
1.58,-0.2628032066,0.9277464064,-0.9870379518
1.59,0.995917008,-1.59110131,3.915243368
1.6,-1.309481462,-0.3524959089,-2.758342844
1.61,0.9861608542,1.717591487,1.605220538
1.62,-0.5918546106,0.3026349266,-1.381026252
1.63,-0.6030616587,-0.6724964041,-0.6704993927
1.64,0.1124103184,-0.7304535627,1.074799912
1.65,0.2875848891,-1.237454852,1.894596867
1.66,-0.4085451637,-1.240852039,0.1326635426
1.67,0.7773607092,-0.9834226989,2.886294052
1.68,-0.1275412031,0.3451265534,-0.2347379442
1.69,-1.128374036,-0.9277090936,-1.835703819
1.7,-0.04586968077,0.3127346503,-0.02159726697
1.71,-0.06190783693,1.899500823,-1.198825789
1.72,0.6584173232,-0.2244021952,2.073784222
1.73,-0.14519891,1.541373337,-1.167209343
1.74,0.0453154506,-1.182261442,1.268498996
1.75,0.739722737,-1.45960724,3.188528054
1.76,0.122515447,1.210226065,-0.2826677521
1.77,-1.357671565,0.3365908575,-3.297331713
1.78,-0.1656930263,-0.4611700703,0.2159500753
1.79,1.22142547,-0.2675825796,3.540510341
1.8,-1.302177083,-0.2408394668,-2.810784811
1.81,-0.4676256095,1.773370911,-2.092146768
1.82,-2.081111943,0.283785031,-5.078378801
1.83,0.5328928843,0.4256349902,1.379981845
1.84,0.4848523278,-2.076898713,2.948713986
1.85,-2.322604157,1.527074019,-6.547834272
1.86,0.4093457875,0.9352300884,0.6821221741
1.87,-0.1706484863,0.7729484046,-0.6439428313
1.88,0.7935565066,-0.1122636354,2.341136343
1.89,0.8695404632,0.7640086283,1.942125736
1.9,-0.8191536482,0.5067317477,-2.126172196
1.91,-1.300809792,1.322343253,-3.891568636
1.92,-1.062571299,1.632099971,-3.519219501
1.93,-0.2768590312,0.7001697539,-0.8914954618
1.94,1.392759091,1.366723766,2.821385015
1.95,0.7639889527,0.1155636199,2.135024609
1.96,-0.2874665262,0.558646316,-0.8363268205
1.97,2.028787139,-0.8516359179,5.981831665
1.98,-0.5315398621,1.088002172,-1.774900291
1.99,0.2390597141,-1.787357774,2.107264033
2,-0.2096982942,-0.5591031822,0.1286124126
2.01,0.3735799367,1.615997556,0.07756254496
2.02,-1.464041454,-0.30555572,-3.154502265
2.03,-3.086124205,0.1406386784,-7.561772695
2.04,-0.2729547722,0.837797911,-0.9807974243
2.05,-0.3553652981,-0.01142667859,-0.5892743415
2.06,-0.06707303339,-0.7518602856,0.6599524336
2.07,0.4214543692,1.666920794,0.1789928267
2.08,-0.2870121594,-0.4551432718,-0.08850608628
2.09,-0.8596867082,-1.303972817,-0.9827395883
2.1,1.891846842,1.606884258,3.920760706
2.11,0.07275314487,1.730990628,-0.772379245
2.12,0.09721909598,-0.4990002088,0.8755650063
2.13,0.8135716331,-0.4355906988,2.65112145
2.14,0.7960605321,0.2108828162,2.148003695
2.15,1.282773678,0.3360443508,3.233155449
2.16,0.9311344998,0.233429569,2.464310124
2.17,0.02689925658,-0.8640960704,0.9978689489
2.18,0.3954302952,-0.2842134495,1.485873093
2.19,-0.1959466117,1.360328587,-1.123062862
2.2,-0.5930024377,0.5526617486,-1.57328015
2.21,0.1847348492,-0.6151766108,1.178379039
2.22,-0.1874207598,-0.562488006,0.2447873033
2.23,1.2552509,0.7821846024,2.886880546
2.24,-1.703915999,-0.3047928549,-3.706910208
2.25,-1.188879937,0.3355066815,-2.902948508
2.26,-1.348848154,0.7377242831,-3.556310147
2.27,-0.9865967669,-0.6177528438,-1.74549237
2.28,2.10768287,0.4920104635,5.250456994
2.29,0.2381742082,0.05515320484,0.8916196822
2.3,0.8573507308,1.42916032,1.441426497
2.31,-2.186867958,-0.529148625,-4.820970553
2.32,-0.07367755462,-0.5081428288,0.429754116
2.33,1.809170789,1.546951991,3.755271955
2.34,-0.1007978389,-0.7715217585,0.5564612357
2.35,-1.049956159,-0.4853176476,-2.023538441
2.36,-0.4142769972,0.08546985129,-0.7692233003
2.37,1.463001222,-0.3901075177,4.24529876
2.38,0.8519691189,1.722420083,1.207575789
2.39,-1.209609086,-0.1388876263,-2.636412136
2.4,-0.2710198123,-0.1892471417,-0.2646852558
2.41,0.2372577002,0.4292316405,0.6437922019
2.42,2.281597068,-0.05571396471,6.020113384
2.43,-0.840549029,0.1009693184,-1.872335978
2.44,-1.111702405,-0.2050266224,-2.33590812
2.45,-0.3980554403,-0.8170174615,-0.1062232622
2.46,0.2383290919,1.915535385,-0.4549502371
2.47,2.531874227,0.6615271917,6.182975967
2.48,0.1878822266,-0.7599812937,1.317745422
2.49,-0.896269901,-0.7999971096,-1.369954806
2.5,-0.6720924837,-0.514171175,-1.06554796
2.51,-0.1419565677,-0.5546149664,0.3373967413
2.52,0.1175995035,1.678171805,-0.5574270648
2.53,1.35419482,1.122887505,2.879412045
2.54,-1.506889192,-0.9172736971,-2.800769142
2.55,-0.6623120316,0.09974552667,-1.426810278
2.56,-0.6883665323,0.6449795552,-1.860990797
2.57,1.691645785,1.010468413,3.868709257
2.58,0.809371379,0.751133837,1.789434675
2.59,-0.9136815885,1.215693409,-2.874484333
2.6,1.615645378,1.322829298,3.419824692
2.61,-1.188546745,0.4648729169,-3.05609321
2.62,-0.4841933939,0.7513618728,-1.402494822
2.63,1.75715483,-2.691913798,6.589306438
2.64,-2.259708665,-0.1619269052,-5.274854807
2.65,0.8093277236,-2.263025064,3.908070169
2.66,0.6313326898,0.8308890033,1.270461878
2.67,-0.1885283455,-0.7538567374,0.3464679342
2.68,-0.3275928365,-0.8029779925,0.04719839601
2.69,-0.3555995962,0.7176932789,-1.102443173
2.7,0.3673167504,-0.7546681661,1.739177143
2.71,0.5627990067,0.765090257,1.175213715
2.72,0.3546978919,0.6855437144,0.6662747829
2.73,0.05981503161,-1.38976321,1.441128918
2.74,1.541180432,0.7159786062,3.666602769
2.75,0.09302999532,-0.5869664893,0.9800512484
2.76,2.682604648,-0.7110740564,7.499786256
2.77,2.504282854,-0.713375152,7.071716268
2.78,-0.140855665,1.042346664,-0.8047722931
2.79,0.1216706827,0.6675370859,0.1219981833
2.8,-0.2342551808,-0.3496066397,-0.02175021692
2.81,0.2129472817,1.192812795,-0.009263082357
2.82,-0.4579056903,-0.5707011704,-0.3882462919
2.83,0.4147964203,-1.593169367,2.445601178
2.84,-0.6069015485,0.6692550221,-1.72394967
2.85,-1.754752493,-0.3402347328,-3.842871652
2.86,0.5855686952,-1.201418195,2.564117109
2.87,-0.9619757699,0.2012646756,-2.248920753
2.88,0.8741423937,-0.195579353,2.68204217
2.89,1.051721995,1.099073876,2.147300367
2.9,1.656824212,-0.05786375955,4.491300737
2.91,-0.3584771499,0.9964607472,-1.322729761
2.92,-1.519283801,-0.1591881101,-3.369025745
2.93,1.596423807,1.000745426,3.556443428
2.94,1.592815571,0.1614533357,4.184638285
2.95,1.683339847,-0.1662588486,4.616242761
2.96,0.9473084384,0.3359965258,2.461192392
2.97,2.472292584,0.4922145378,6.126790514
2.98,1.32615489,-0.7137726354,4.126819487
2.99,0.7482431887,0.04597076944,2.1589885
3,-1.843100321,-2.705350079,-2.399685317
3.01,0.2652070686,-2.062830399,2.397247054
3.02,-0.1674192036,-0.4792887714,0.1815233294
3.03,-1.593381595,2.497446535,-5.399366875
3.04,0.6063944276,1.073669611,1.073299754
3.05,-2.17934677,0.446676519,-5.479996622
3.06,-0.2203253854,0.7529087091,-0.7973922202
3.07,1.095230089,-1.333906668,4.000534021
3.08,-0.4535384077,-0.7160329728,-0.3489929549
3.09,-1.955443494,-0.1323798917,-4.47334448
3.1,-1.007400171,0.02402051332,-2.258854343
3.11,-1.28376949,1.78269296,-4.173986023
3.12,1.105573906,0.2869416545,2.89397925
3.13,-1.214237233,0.1108107618,-2.796179918
3.14,-1.319126647,-1.569052793,-1.920113312
3.15,-0.1122607907,0.8419024869,-0.543202935
3.16,-0.513098306,-0.07004820076,-0.9427906243
3.17,2.253927998,0.4984619562,5.608747854
3.18,-0.1096411486,1.598247334,-1.062999814
3.19,1.125125767,0.4131385012,2.87436016
3.2,-0.9273580256,0.7735612611,-2.5790084
3.21,0.06238135324,-1.269740204,1.344170665
3.22,-0.2484751086,-0.3776786803,-0.05595347055
3.23,-2.420866052,-1.397364323,-4.747389173
3.24,-0.7982431522,0.7386929384,-2.23395025
3.25,0.8348476605,-1.199118844,3.221735376
3.26,0.7231247847,-1.379508823,3.087963053
3.27,0.3172213786,-1.524918511,2.12008844
3.28,-0.949294699,-1.01407627,-1.323811017
3.29,1.520529419,-0.5391584558,4.429316821
3.3,1.505969107,-1.132070052,4.825893676
3.31,1.383626598,-0.6875147288,4.252053663
3.32,1.09648045,-2.105957115,4.521553243
3.33,-0.2654335814,0.7801185313,-0.9452270408
3.34,0.5445761557,-0.2741591243,1.840703451
3.35,0.797748529,0.5287282649,1.964129678
3.36,1.273359305,-0.04374565681,3.52838296
3.37,0.1186342977,1.580829335,-0.4638068741
3.38,1.763495788,-0.2267342183,4.928159587
3.39,0.4829914936,1.347456149,0.5597896694
3.4,2.387388464,-0.08455670791,6.31459605
3.41,0.886311645,-1.688363337,3.696901286
3.42,-1.227100998,-0.7773462804,-2.248647924
3.43,-1.237289003,-1.388413957,-1.879628634
3.44,-0.096173659,-1.415746788,1.064730471
3.45,2.335670287,0.2010257803,6.015093402
3.46,-0.236577787,1.514205142,-1.339557971
3.47,0.975226371,0.1675022092,2.576780532
3.48,-1.464210014,-0.7204897176,-2.884933366
3.49,0.9195988823,0.1727687482,2.448671152
3.5,1.276345235,-1.343654461,4.464899698
3.51,-0.236818565,0.2237857689,-0.434282592
3.52,0.2939815051,0.09960944155,0.9531541994
3.53,-0.5646690707,-1.72220038,0.08492374278
3.54,0.5558419565,-1.215017668,2.576828556
3.55,-1.797735048,0.1115419481,-4.271205042
3.56,-1.100298586,-1.417372179,-1.456621686
3.57,-0.9344939512,-0.3897573196,-1.795959569
3.58,0.08740903274,-0.953185616,1.164166084
3.59,-0.219758105,0.844737634,-0.8383330131
3.6,-1.121713859,0.3537617157,-2.793384043
3.61,0.4772401943,-0.1852193552,1.62342597
3.62,-0.8260994291,-0.4232761658,-1.509739201
3.63,0.4622687064,-0.4944287664,1.791957607
3.64,0.8803505535,0.8289169647,1.971822253
3.65,-0.109501973,1.076964615,-0.7253006809
3.66,-1.238830919,1.427216304,-3.828271329
3.67,0.05335315776,-1.410230861,1.443235157
3.68,-1.303041854,-0.4099509842,-2.659428735
3.69,0.2757345751,-0.6825945013,1.500740915
3.7,0.4758323814,-1.4315916,2.518739682
3.71,0.2812249831,0.8224567836,0.384329583
3.72,-0.2905434208,1.306200823,-1.350062547
3.73,0.2344289044,0.01164800327,0.8830217825
3.74,0.2301698909,-2.074261536,2.352385299
3.75,-0.3059593379,-0.7943764698,0.1249175543
3.76,0.003413327161,-0.02095557596,0.329486043
3.77,-0.5021212075,0.6718066932,-1.443563288
3.78,0.08079795036,1.333611948,-0.445747248
3.79,0.2493764618,-0.3065924795,1.112217413
3.8,-0.4528920757,-0.98979522,-0.1606751824
3.81,2.799020125,-0.2775956579,7.473692253
3.82,1.014033878,-0.5543061549,3.249099876
3.83,-0.02777936459,0.7690050491,-0.3197263326
3.84,-0.2658166501,-0.1608117318,-0.2519233376
3.85,-0.7913978195,-0.3444904225,-1.413375137
3.86,0.2734782077,-1.125002272,1.815059221
3.87,0.6848287865,0.3032927327,1.828175282
3.88,-0.8369810855,-0.430393483,-1.484311306
3.89,0.7006745419,-1.169638641,2.830727455
3.9,1.525494614,-0.01383614321,4.133015809
3.91,1.815685362,-0.9927318574,5.50358171
3.92,0.1972931132,-0.4164006554,1.121911374
3.93,1.282020488,-0.1492830605,3.601951651
3.94,1.391559618,0.3591335366,3.54481681
3.95,2.309921054,-0.1787260493,6.221555884
3.96,1.81201185,0.4663467906,4.548622102
3.97,0.3034885615,0.9178043952,0.4429935676
3.98,-0.03158659361,-1.530324134,1.314655178
3.99,-0.8247827155,-0.7420619687,-1.213788788
4,0.7594891431,1.215773942,1.346614616
4.01,0.1381294251,-0.2622534038,0.8355504999
4.02,1.535599993,0.8733003502,3.542270602
4.03,0.1610687173,-0.02067808402,0.6964501841
4.04,-1.09312142,0.4438373555,-2.746095362
4.05,-0.5070337007,-0.4739637913,-0.6416056595
4.06,0.03066526546,0.3800152316,0.09872120244
4.07,1.182892315,-0.08270184111,3.307253487
4.08,-0.6567541034,-0.3306930041,-1.130062031
4.09,-1.824312477,-2.054414527,-2.769326804
4.1,-1.94355976,1.267574887,-5.395805248
4.11,-0.1198981716,1.31949496,-0.9196530166
4.12,-0.9055048455,-1.828015317,-0.6923462657
4.13,-0.7835204001,0.8712138353,-2.267935356
4.14,-0.6434088405,-1.845251547,-0.03800856246
4.15,1.27099585,0.3869639105,3.216993595
4.16,-0.1155763701,1.616639321,-1.128562945
4.17,0.4938671825,-0.3273107057,1.728124621
4.18,0.09835026232,0.1419893893,0.4657242858
4.19,1.104535521,1.602825331,1.943101581
4.2,-0.9482867441,0.2823242397,-2.312322416
4.21,-0.579776544,0.3861492172,-1.430479106
4.22,0.99836406,-0.4665767114,3.166831682
4.23,-0.9079374804,-0.1538811047,-1.815392621
4.24,1.48941375,0.2956794709,3.81157105
4.25,0.2842017394,1.094541627,0.2174900943
4.26,-0.3510092778,-0.7836262973,-0.07751655933
4.27,-1.186298429,0.2472910532,-2.85018248
4.28,-0.5156461639,-0.4595302943,-0.6829103864
4.29,0.9532649297,0.6906463079,2.182286828
4.3,-0.4586393363,2.674741848,-2.699832752
4.31,0.3483379476,-0.7290078918,1.667783156
4.32,0.7815045793,-1.746323852,3.49332083
4.33,1.278221771,-2.052108721,4.929531935
4.34,0.1081850211,0.40615286,0.2847423653
4.35,1.140881001,0.8159955335,2.592270018
4.36,1.100217123,1.605323367,1.933037903
4.37,0.8086614769,0.5493598678,1.939568347
4.38,2.423513351,-1.20573241,7.195689267
4.39,-0.4080051697,-0.3698491266,-0.4389681821
4.4,0.7134357716,-0.3204140406,2.275334325
4.41,0.3887582264,-0.4906651016,1.607062017
4.42,-0.140479853,-0.3342097132,0.17914031
4.43,0.1961525469,1.246284483,-0.1237290506
4.44,-1.769074803,1.44564374,-5.166763097
4.45,-0.03572565041,-1.242607186,1.088679391
4.46,-1.414093144,-2.265949257,-1.638685598
4.47,0.03416749362,-1.312572763,1.276070283
4.48,0.106633808,2.295575625,-1.0580826
4.49,0.9420363256,0.2037328318,2.532615499
4.5,2.243000494,-1.607331675,7.014875736
4.51,-0.3696901462,1.162763939,-1.444392992
4.52,1.13853306,0.3196334552,2.929751739
4.53,0.5145991479,1.118773019,0.8162151125
4.54,-1.360761805,2.67853899,-4.976732477
4.55,0.5941380826,-0.5966859455,2.188500568
4.56,0.2094975665,-0.8526638542,1.410065474
4.57,1.085808721,-0.07007756639,3.072744782
4.58,0.1495045837,-1.473044431,1.668060932
4.59,-0.3283003001,0.889091523,-1.167549592
4.6,0.04866094498,-0.1402150829,0.4995831726
4.61,0.7581892701,-1.588543394,3.309901761
4.62,-1.127479823,-1.13794128,-1.730007346
4.63,0.5807367112,0.8555212765,1.191044051
4.64,-1.139490417,1.311142451,-3.421227987
4.65,0.9949467103,-0.6788410761,3.234505135
4.66,0.7476491847,-0.5171210357,2.514167864
4.67,-0.6657295451,-0.7273446959,-0.8665873446
4.68,-0.06473669817,-0.04670347302,0.1699265874
4.69,1.143023042,-1.398699811,4.147851124
4.7,0.3674072978,0.948684743,0.5050336945
4.71,-0.7661082027,-1.253210004,-0.7239263723
4.72,-0.8251694622,1.158198748,-2.555454687
4.73,0.0870909898,0.8782945289,-0.03650445282
4.74,-1.396240452,-1.347651808,-2.27131371
4.75,-0.5623183664,-0.05382090964,-1.086261954
4.76,0.7921278621,-0.6901092289,2.735064052
4.77,-1.498659242,-1.063254096,-2.685521112
4.78,-0.3543282183,0.1307242136,-0.7071745196
4.79,-0.4599133711,2.317450642,-2.494605276
4.8,-0.06276917447,-0.6230328187,0.5222501896
4.81,-0.2984129048,-0.6821486778,0.04482893316
4.82,1.785755929,0.8152219713,4.171370196
4.83,1.468451132,0.1973879717,3.861193869
4.84,-0.700412844,0.6014003033,-1.875870943
4.85,0.0152084781,2.396284779,-1.300610843
4.86,1.394497752,-0.09081410082,3.840501399
4.87,-1.045228447,0.7332459986,-2.815117565
4.88,0.3910031262,0.5806021491,0.8701966211
4.89,1.418863435,0.3117903862,3.616047221
4.9,1.411446542,-1.21516006,4.663511965
4.91,0.03731137825,0.6545117917,-0.01537824549
4.92,-1.187198893,2.127764364,-4.154091184
4.93,0.1953336423,-1.858559756,2.091515748
4.94,-0.02955708219,-0.6224460943,0.6582711247
4.95,0.4212994599,0.1191648858,1.309600201
4.96,0.5168416672,-0.4319091902,1.881202258
4.97,-0.3898171835,-0.07944910423,-0.6221441975
4.98,-0.7311225646,0.3661130748,-1.792633943
4.99,-2.778201234,-1.546683785,-5.588883573
5,-0.6903056122,-0.1927441543,-1.302978765
5.01,0.3956892456,0.8472143668,0.7203376586
5.02,0.9197831586,0.4801862912,2.282142412
5.03,0.5774504134,0.2569822416,1.538024653
5.04,0.1685583892,-1.379190645,1.738460461
5.05,-0.244133363,0.2845723655,-0.5360202845
5.06,0.04958468416,-1.162614248,1.240242713
5.07,-0.2828396185,2.026505739,-1.812631475
5.08,-0.1067838503,-0.3610519651,0.2825255219
5.09,-0.7914356509,0.2703252309,-1.895274517
5.1,-0.5265945546,-0.7997587372,-0.4495076442
5.11,-0.1310332654,0.04717507625,-0.1192619428
5.12,1.089420777,3.332950626,0.7413126712
5.13,-0.4788885711,1.024986464,-1.61579164
5.14,1.937374427,-0.1954476326,5.234477347
5.15,-0.327615399,-0.5816711239,-0.0963309441
5.16,-0.5192884455,-0.7858315097,-0.4392698257
5.17,0.5881750612,2.801815038,-0.1619655795
5.18,0.1971051859,-0.09756370166,0.8540813756
5.19,0.6522211718,1.593084711,0.8067960609
5.2,-0.0249319612,-0.0952347437,0.2738246499
5.21,-0.7663885548,1.255678916,-2.484342324
5.22,0.2672835399,1.087290132,0.2154131201
5.23,-1.904680111,-0.2862499286,-4.260724616
5.24,0.08713431335,0.2390107445,0.392891877
5.25,1.242056005,1.18580577,2.583886412
5.26,-0.0142826898,-0.6400656625,0.7193804544
5.27,0.6505784524,0.7189440422,1.440617052
5.28,0.8171787263,1.258366028,1.471820129
5.29,1.922664676,-0.8050755737,5.673952576
5.3,0.4179814753,-1.190088576,2.176251241
5.31,-0.5395187976,-0.5222766524,-0.7071330388
5.32,-1.09158685,0.8841655558,-3.020188705
5.33,0.9232223368,-1.127426812,3.361931052
5.34,1.045616521,1.1870483,2.06307187
5.35,1.144386471,0.5915556702,2.731452996
5.36,-0.6687253585,-1.150324158,-0.5676927182
5.37,0.7406105736,-0.6035959766,2.591547843
5.38,-0.2830737569,0.3929232013,-0.6751794548
5.39,0.2689135162,1.459519633,-0.09590623213
5.4,-0.9511645414,2.866021828,-4.07794424
5.41,-0.2751584639,0.7752116651,-0.9176372372
5.42,1.584307687,2.285203537,2.696069755
5.43,-0.2087666673,0.07248893142,-0.2776491059
5.44,0.03177454459,-1.21476479,1.20947289
5.45,1.894274165,0.5660859021,4.6427735
5.46,0.2068841324,0.3411898966,0.5567214967
5.47,-0.854799275,-0.4997353059,-1.530199633
5.48,1.667949589,0.4408032538,4.15347873
5.49,-1.182233565,0.6130065357,-3.09241708
5.5,0.07463180886,0.1431682278,0.3517911202
5.51,0.0675499718,1.109396292,-0.3209607553
5.52,-0.9756323662,0.4259692589,-2.443816119
5.53,-0.4895131847,-0.1757043348,-0.8262009749
5.54,-1.088144798,-0.7932179295,-1.86663786
5.55,-0.1026803277,0.4233500351,-0.2611406891
5.56,-0.6653336289,-0.2558189411,-1.186719119
5.57,1.268260047,-2.348935264,5.05958206
5.58,-0.2507820851,-1.215172316,0.5165575699
5.59,-0.9241339913,-0.1718401946,-1.88198524
5.6,0.5322599853,1.480939572,0.5627226391
5.61,-0.6828700048,0.5641150048,-1.816393055
5.62,0.6751321177,-0.6550804694,2.435530518
5.63,-1.950732103,1.466131287,-5.564444686
5.64,-0.9563678172,0.9214212559,-2.7174752
5.65,1.088131979,0.4253016369,2.77111735
5.66,-0.2267284834,0.6755317307,-0.7450135149
5.67,1.373637202,0.1487866056,3.55966608
5.68,0.8418021033,0.463821429,2.092251365
5.69,0.1844247369,0.5198231636,0.4138768787
5.7,0.7635411805,1.001313928,1.49311633
5.71,0.0125138269,0.7753191842,-0.2059774238
5.72,1.715989279,0.7392648781,4.086514549
5.73,-1.655605573,1.941614452,-5.21944093
5.74,0.9980063883,0.6836544723,2.32053229
5.75,-0.4369270877,-1.655822415,0.371175198
5.76,-1.108915766,0.2286273327,-2.647484591
5.77,-0.4250078736,-0.4781707267,-0.3920800201
5.78,0.2336785584,1.093907782,0.121777185
5.79,-0.4503469688,0.9059607235,-1.451692117
5.8,-1.318423324,-0.4443009806,-2.699652345
5.81,-0.01701088378,-0.4949760033,0.5815399658
5.82,0.385033858,-1.688126403,2.486444715
5.83,0.7938177631,-0.4285303087,2.557350148
5.84,-0.1009393272,-2.887608278,2.001372549
5.85,1.199342659,-0.1363147809,3.379684865
5.86,-0.4426683627,1.011800055,-1.515218887
5.87,-0.3693723299,0.356425015,-0.8893115645
5.88,-0.9486252227,0.1514601619,-2.191496546
5.89,0.1170268989,1.078190497,-0.1949225892
5.9,-0.710161413,0.2528999897,-1.683171037
5.91,-0.1198179251,0.04139000492,-0.0409614378
5.92,-0.05797201316,-0.695943737,0.6669763252
5.93,-2.774579375,-1.202232077,-5.807822125
5.94,0.2924963066,0.8817726231,0.3663048376
5.95,-0.8900404851,-0.06131165518,-1.908666709
5.96,0.7958957733,-1.269275842,3.149429863
5.97,-0.8180886768,-1.22321655,-0.8828001697
5.98,-0.1001797647,-0.2053000209,0.2072135592
5.99,0.2816407186,0.28523807,0.7831355267
6,-0.1406493104,-0.489352,0.2672213867
6.01,-0.003838312699,0.3281054835,0.1085606703
6.02,-0.6510605333,1.668791354,-2.500455154
6.03,-0.00370670185,-1.366553751,1.194292048
6.04,1.927323434,-1.337326095,6.080554382
6.05,0.4343020131,-1.252386889,2.24429557
6.06,0.27802438,0.1960783766,0.8249075289
6.07,0.8307891572,0.2218097278,2.233773732
6.08,0.9538650457,0.1150705236,2.617791445
6.09,0.1551633991,0.4784492145,0.3472526292
6.1,0.115995017,0.3238357026,0.3888306122
6.11,-0.6646456826,0.518094601,-1.629424886
6.12,1.214685137,-0.3912380454,3.585681347
6.13,0.5419846369,0.143503727,1.5590457
6.14,0.9682595511,0.0633122564,2.65072339
6.15,-0.712985069,-0.4180091967,-1.188088603
6.16,-1.498165158,0.2709573949,-3.601640944
6.17,-0.2552240115,-0.4699599085,0.02013211966
6.18,0.6350720208,-0.03882018251,1.870466653
6.19,-0.8969051445,1.059629763,-2.701163096
6.2,-1.336251358,0.6288614891,-3.473184815
6.21,-0.7511558622,0.07804935251,-1.630921265
6.22,-2.382168698,-0.23880634,-5.486200105
6.23,-1.393639324,-0.05011762116,-3.143871122
6.24,-0.2139473714,-0.01519205282,-0.2018981849
6.25,-1.980207415,-0.4805301119,-4.294401237
6.26,0.2193752301,0.3159549706,0.6112319008
6.27,-0.3036478552,1.266327316,-1.361645482
6.28,0.08562993041,-0.3123661546,0.7383737242
6.29,1.27986811,-0.6314003967,3.954572621
6.3,0.2317087154,0.8882048631,0.267913456
6.31,1.875660509,0.01472213524,5.001046088
6.32,-0.07675003263,-2.537849288,1.894067168
6.33,-0.08751986067,-0.5068960576,0.4733557273
6.34,-1.142565786,-0.4462212166,-2.240051828
6.35,1.67635872,0.09721430701,4.43346719
6.36,0.2261900767,0.229986655,0.6854604992
6.37,-1.065816865,-0.211280844,-2.226794879
6.38,-0.9158084088,-1.426371151,-0.9935560017
6.39,-0.1163215199,0.2014500151,-0.129355091
6.4,-0.4203319229,0.3288682583,-0.9695353707
6.41,-0.4576587072,0.6669387118,-1.265972863
6.42,1.010893595,-1.33497648,3.752305707
6.43,0.1742606778,-1.384395995,1.733687886
6.44,1.187729038,-1.252308254,4.135057692
6.45,0.8213087257,0.002698340251,2.416598246
6.46,1.339412268,0.8411733711,3.074946601
6.47,-1.162812811,-2.566417221,-0.8120978628
6.48,-1.503812824,-0.1683989005,-3.370165447
6.49,-0.08613089964,1.929577645,-1.257803653
6.5,-1.799172827,-1.813065352,-2.879311324
6.51,1.420762154,1.598854006,2.742025082
6.52,-0.2927092113,-2.060827409,0.9577639425
6.53,0.5991572669,0.9429741132,1.114688379
6.54,-1.66414436,-0.7384129503,-3.334085323
6.55,1.170383698,0.1487580857,3.129722526
6.56,0.1599074297,0.07848880177,0.6789393624
6.57,-0.4679443196,1.720748338,-2.068466978
6.58,0.7269336226,0.8173735667,1.534618221
6.59,-1.036599903,1.31160149,-3.202369322
6.6,0.589203863,1.485613772,0.7306966986
6.61,0.8349570052,0.5469257154,2.030170737
6.62,0.6279402737,1.39727563,0.8633434542
6.63,-0.006398970944,0.4650626275,-0.03366898905
6.64,0.9035970757,0.2481650245,2.430970548
6.65,-1.502140585,0.0526698156,-3.480218567
6.66,-1.297086978,-0.4846997783,-2.613276228
6.67,-0.1544383598,-0.2440749553,0.08282801667
6.68,-0.5009566971,-1.797429789,0.3236260266
6.69,-0.1769245752,-0.2211279334,0.03441397856
6.7,-2.114994496,-0.2760686557,-4.783408946
6.71,-0.1674402499,-0.121515542,-0.067476705
6.72,-0.3301263701,1.515298745,-1.618803972
6.73,0.1872767665,-0.1869705332,0.8909712177
6.74,1.188214384,-0.963432495,3.91580921
6.75,1.921303238,0.4840695741,4.763696097
6.76,-0.7439571587,2.480509378,-3.315694505
6.77,-0.5892583829,-0.6119914001,-0.7159590322
6.78,-1.850124041,1.053975279,-5.122621127
6.79,-1.963422686,0.1302045448,-4.723406413
6.8,-0.6682120578,0.5173669423,-1.718644996
6.81,0.3010681664,-0.6568488024,1.529456737
6.82,-1.840287404,-0.2402470588,-4.140346117
6.83,-0.2286830358,0.2604046516,-0.4610398419
6.84,-0.1125886207,1.73602924,-1.189723458
6.85,-1.320001048,-0.1968993908,-2.886371438
6.86,0.6540379881,0.4964851837,1.619073388
6.87,-1.037233966,1.406093184,-3.294513103
6.88,-1.357468134,0.1114880341,-3.181442794
6.89,-1.251276664,2.917221806,-4.864553537
6.9,0.3279606146,1.09794939,0.369626684
6.91,-1.637016762,-1.262611388,-2.848881063
6.92,-0.3915008636,-1.419946819,0.3178921863
6.93,0.6959703769,-1.355024188,2.986021718
6.94,0.02256142854,-1.087360203,1.1141586
6.95,0.2211346179,-0.9001514855,1.476050911
6.96,-0.1573125328,-0.5434767483,0.2666222275
6.97,1.209307001,3.530146771,0.8473439399
6.98,0.236178609,0.3292504994,0.6289238817
6.99,0.7760137876,0.2146479894,2.049997684
7,0.3061968944,-0.4630410406,1.427594179
7.01,0.2784699581,-0.8638138126,1.622954095
7.02,1.214291119,-1.805990057,4.597041373
7.03,-1.369657707,-0.3548019626,-2.889762931
7.04,0.8834972624,-0.006247483524,2.492967254
7.05,2.353924191,0.657291703,5.748632884
7.06,-0.0660678158,-2.136697796,1.627273817
7.07,-0.6839102398,0.01564767659,-1.464144096
7.08,1.10946401,0.6667975591,2.588843738
7.09,1.66363877,1.469872316,3.414756899
7.1,1.157562279,0.4738962133,2.861904594
7.11,0.1460264881,0.6992001209,0.1683215169
7.12,1.683565024,1.036823972,3.81400038
7.13,0.4749822903,-1.457143271,2.496437804
7.14,-0.3667010007,-1.000262081,0.03567867395
7.15,0.1005214398,-0.2954308249,0.7359963017
7.16,0.09630846066,-0.04591130406,0.5502391318
7.17,0.7242827721,0.6301012817,1.633287994
7.18,1.129943562,0.1788659178,2.993722828
7.19,-0.3027830123,-2.045662743,0.9571360204
7.2,0.4467193266,-0.9748270577,2.064438719
7.21,0.708498753,-1.65464289,3.248253872
7.22,0.8644907208,2.421529861,0.7902670783
7.23,-0.2354522424,0.8363105894,-0.8999978688
7.24,2.050251823,-0.2852742695,5.627436772
7.25,1.464138625,-1.046905433,4.646701351
7.26,0.406077567,0.3217145761,1.085299936
7.27,-1.250827724,-0.8303014507,-2.248239098
7.28,-1.289672349,-1.780543933,-1.688171665
7.29,-1.011187146,-0.4149695413,-1.959474884
7.3,1.0151292,-0.3792449368,3.112155129
7.31,0.507341543,-0.00340271578,1.575712815
7.32,-1.156045875,-1.005090619,-1.906412115
7.33,-1.137271948,-0.9438211052,-1.874561371
7.34,0.7342230327,0.7201369654,1.622269985
7.35,-0.507511684,-1.070324245,-0.2119285881
7.36,0.006034901976,0.1046746715,0.2628882824
7.37,0.9108973702,1.1028403,1.792968684
7.38,-0.5062868953,2.215836874,-2.528616101
7.39,1.378911391,1.040391138,3.01558607
7.4,-1.711006324,-0.3020868718,-3.789991503
7.41,-0.9114025671,-1.970663376,-0.5896485252
7.42,1.871631264,-0.4995232691,5.302620882
7.43,-0.03690995271,1.113848568,-0.5849176163
7.44,-0.5946902373,0.4343291892,-1.465214057
7.45,1.33467609,-0.4220227794,3.96850222
7.46,0.553429114,-0.7224222562,2.161037064
7.47,-1.137992422,-1.471862176,-1.529940101
7.48,-0.989159599,1.477483845,-3.218510748
7.49,-0.5950302524,0.6332587248,-1.614391664
7.5,2.520238771,-0.4330262653,6.915672592
7.51,-0.242334522,-0.2484040279,-0.1314263999
7.52,1.109921871,-0.1401861207,3.141031426
7.53,1.158020387,-0.2753646301,3.379709641
7.54,-1.63519607,0.8479421534,-4.372990823
7.55,-0.9530784494,-0.6622069914,-1.595301142
7.56,2.439436459,-0.7150325551,6.943823636
7.57,0.3198314625,-1.050743582,1.846747751
7.58,0.8312130673,1.638215878,1.181597983
7.59,2.132099925,0.83751668,5.041898568
7.6,-1.493182761,0.429301723,-3.731928856
7.61,1.12622306,0.9107138283,2.508487746
7.62,0.543225779,-0.8973488412,2.288186071
7.63,-0.8121571352,0.313214097,-2.006190464
7.64,0.8672266355,-0.6248985705,2.912754066
7.65,-1.105340052,-1.462187245,-1.41975717
7.66,0.02613160084,0.6814149574,-0.1029863287
7.67,0.118143715,0.1606047321,0.4836648513
7.68,0.6381884555,-0.3700851393,2.139067334
7.69,-1.545912501,-0.2270588926,-3.379308499
7.7,0.2454123958,0.6410175808,0.4619898796
7.71,-0.4156965452,-1.283607203,0.1793730793
7.72,-0.4500814778,-0.346250133,-0.623207631
7.73,-1.239889721,-1.586290144,-1.715545995
7.74,0.9555542938,-1.471481568,3.749964197
7.75,-0.3107806592,-0.7169279144,0.03301587643
7.76,-0.09566649179,-0.06236345981,0.1054460699
7.77,-0.6719554638,-0.1149631233,-1.278057745
7.78,0.3311401157,-0.2019263882,1.262050046
7.79,1.331262782,-0.944765803,4.271370147
7.8,-0.3540852991,-0.362775389,-0.3060862385
7.81,0.7515871675,-2.718667935,4.114189416
7.82,0.9785262186,-0.8610038712,3.400042432
7.83,0.7087462852,0.01436099815,2.10647677
7.84,0.3014720553,-1.495126245,2.173928944
7.85,-0.4189035575,1.87869139,-2.045208793
7.86,2.351287066,-1.265645427,7.078359693
7.87,1.245214823,0.832275943,2.81391331
7.88,-1.541323659,-1.206553563,-2.710455499
7.89,1.224251506,0.7384296851,2.835696745
7.9,1.210214555,1.52583144,2.25193243
7.91,1.000615521,1.768545551,1.587381452
7.92,1.114429381,1.977978856,1.698676537
7.93,0.2097297234,0.9970699531,0.1307642399
7.94,1.329101342,1.039349693,2.887446087
7.95,0.1345434862,-1.025747606,1.323834093
7.96,-0.329459873,-1.079351709,0.220131439
7.97,0.1250563172,0.5189028278,0.246977066
7.98,0.9102792637,-0.8610755765,3.150993414
7.99,0.6140796314,-0.8328334568,2.418103467
8,-1.267538607,-0.5759106438,-2.496483099
8.01,-0.5610514643,1.252735187,-1.97312488
8.02,-0.9083921816,1.620911057,-3.134655201
8.03,-0.8797464339,-0.634578642,-1.457194602
8.04,0.8030316725,-0.8527077869,2.878768861
8.05,0.6411908543,-0.4797943982,2.244964871
8.06,1.684406776,0.5137382914,4.154838425
8.07,-0.5012077661,-0.1007582703,-0.8759701944
8.08,0.04040594075,-0.8347561352,0.9329232556
8.09,-1.274950481,1.043406793,-3.614434618
8.1,-1.435526447,-1.10199676,-2.491589822
8.11,-0.4520565653,-1.048782362,-0.09981817554
8.12,-2.17712024,-1.630679695,-3.98574119
8.13,1.697108315,-2.58787685,6.356082237
8.14,0.9105451025,0.08876776189,2.532941992
8.15,0.7844824067,0.4247984893,1.940605254
8.16,0.2944505876,0.883945453,0.4653858233
8.17,0.1572922125,0.6002369114,0.2410734787
8.18,1.172396098,0.9457691553,2.6114072
8.19,-0.15834667,-0.30035832,0.1364454001
8.2,1.044938006,0.02606819319,2.862261674
8.21,-1.325703032,0.1050683273,-3.073285488
8.22,0.7033866962,1.660215772,0.8978776068
8.23,0.4818805816,1.068193986,0.7624627146
8.24,0.8568589975,-0.05724721542,2.402304729
8.25,0.5123792697,-1.355500002,2.535913133
8.26,0.2728820406,-0.4291530033,1.253522548
8.27,0.7557996854,1.295264208,1.259514052
8.28,-2.835844145,0.4869701599,-7.174928684
8.29,1.403871857,-0.7720902868,4.347156653
8.3,0.5630029639,0.971372116,1.022555422
8.31,0.0282257156,0.1105036518,0.2682986232
8.32,0.06554251008,-0.3997964246,0.7479455686
8.33,0.2100476383,-0.3763055921,1.092976795
8.34,0.5347688666,-2.481473977,3.389040466
8.35,1.097511363,1.28883624,2.121195643
8.36,-0.5085676204,-0.4058960796,-0.7152052255
8.37,-0.4298004568,0.210936561,-0.8884512805
8.38,-1.110503723,-0.6062420108,-2.029144549
8.39,-0.2194142312,0.09081539333,-0.323655226
8.4,0.9616445324,-0.8160428655,3.27705822
8.41,-0.2334409282,0.5335863556,-0.676501035
8.42,-0.5800894587,0.8296931483,-1.723215464
8.43,2.144043187,-0.07159033452,5.710667125
8.44,0.2805546651,0.6005882766,0.6079176036
8.45,-0.916094179,-1.362607964,-1.085912591
8.46,-2.817466734,-0.02382553799,-6.742741287
8.47,-0.6376041037,-0.6178992025,-0.8449393646
8.48,-0.9838498624,-1.133955694,-1.357867617
8.49,-0.3738146908,1.457829997,-1.661730694
8.5,0.8093524922,-0.8130624,2.859755498
8.51,0.1645017913,-0.4905955669,1.088243573
8.52,0.7126388356,0.4404911588,1.774853807
8.53,-0.9951107397,-0.4761981819,-1.850002397
8.54,0.8943208856,1.840939453,1.251235894
8.55,-1.176307677,-1.907864283,-1.373474847
8.56,0.1877424843,0.4826188745,0.4309786902
8.57,-1.379497613,-1.905018648,-1.802486019
8.58,0.6014683374,1.043878562,1.077723695
8.59,1.117693006,-0.841734234,3.716677981
8.6,0.5427299375,1.756920646,0.4537120762
8.61,-1.017453352,-0.7203852951,-1.769514371
8.62,1.393244095,0.5651575363,3.403472807
8.63,3.250599509,-0.2024882227,8.599182403
8.64,0.07999617995,1.105656443,-0.2735889267
8.65,0.06306384001,0.4075485618,0.1708699376
8.66,-0.1631771903,-1.772990215,1.15294143
8.67,0.3473371195,1.219747289,0.2828772221
8.68,-0.9692735541,-1.597496217,-1.053471955
8.69,-2.86179497,-2.620150403,-5.018100937
8.7,0.9985424384,-0.4759838306,3.081456449
8.71,0.647357021,-1.518053397,2.973630196
8.72,2.283365581,-0.9940983403,6.651352809
8.73,0.05946919097,1.036443065,-0.2593094479
8.74,-0.1877060578,1.199734967,-1.040756808
8.75,1.325006404,0.6936800273,3.054142371
8.76,-1.034058585,0.6306977948,-2.739927116
8.77,1.761696712,0.8767992019,4.042747133
8.78,-0.5462022522,0.4954014309,-1.41825785
8.79,0.2803147363,1.451582943,-0.03643271087
8.8,-0.3095634052,1.583976932,-1.602847334
8.81,0.3059259174,1.594860819,-0.07178790059
8.82,0.4294129902,-2.190455962,2.953551876
8.83,-0.3037120891,0.02315994385,-0.477021954
8.84,1.255016225,0.1936206629,3.278518427
8.85,-0.8251227743,-1.504853599,-0.7085148971
8.86,-1.060398126,0.7590438312,-2.891655561
8.87,1.073069499,-1.063728374,3.743376486
8.88,1.213863572,-0.3149210155,3.573139359
8.89,-0.9611112035,0.3132602648,-2.318535485
8.9,-0.5488668768,0.8686947951,-1.712071535
8.91,0.3210911398,0.277684792,0.8687322578
8.92,-0.2853974402,-0.153764615,-0.3188653762
8.93,-0.1781147691,1.907670402,-1.479408965
8.94,-0.4569303798,0.01587587263,-0.8504576838
8.95,1.861064431,-0.5854564974,5.411808865
8.96,-1.201444435,0.9285100425,-3.361132529
8.97,1.507405714,2.658859596,2.199066226
8.98,-0.4744593984,-1.494526482,0.144043224
8.99,0.2774481598,-0.4183506233,1.282582314
